Workbook

Sheet Executive_Summary
A1: 3×3 Hollow-Rod Array — Updated Theoretical + FEA Design Screening
A4: PRIMARY SELECTION | D4: DURABILITY CHALLENGER | G4: SHORT / STIFF CONTROL | J4: FORMAL FAILURE
A5: ="Run 6"&CHAR(10)&"Score / metric: "&TEXT(Combined_Ranking!J9,"0.000")&CHAR(10)&"t = 1.75 mm; H = 5.25 mm Best balanced / sensitivity design" -> Run 6 Score / metric: 0.962 t = 1.75 mm; H = 5.25 mm Best balanced / sensitivity design | D5: ="Run 5"&CHAR(10)&"Score / metric: "&TEXT(Combined_Ranking!L8,"0.000")&CHAR(10)&"t = 1.75 mm; H = 3.50 mm Highest durability-first score" -> Run 5 Score / metric: 0.954 t = 1.75 mm; H = 3.50 mm Highest durability-first score | G5: ="Run 4"&CHAR(10)&"Score / metric: "&TEXT(FEA_Raw!N7,"0.000")&CHAR(10)&"0.52259 mJ Highest solved strain energy" -> Run 4 Score / metric: 0.523 0.52259 mJ Highest solved strain energy | J5: Run 7 Failed the required 1.25 mm nonlinear solve No extrapolation permitted
A10: Final engineering verdict
A11: Run 6 is the most defensible main geometry: its 1.75 mm wall preserves the preferred 25% hollow-area ratio, while the 5.25 mm height lowers the force requirement and produces the strongest solved strain localization. Run 5 is the correct companion prototype because its medium height gives the best durability-oriented balance. Run 4 should be retained as a short/stiff activation and durability control, and Run 9 as a tall near-solid control. Run 7 remains a formal failure at the required 1.25 mm indentation.
A17: Priority | B17: Run | C17: Geometry | D17: |Fz| (N) | E17: Eq. strain max | F17: Energy (mJ) | G17: Lateral ratio | H17: Balanced score | I17: Why it is retained | J17: Key mechanism findings
A18: ="1 — Primary" -> 1 — Primary | B18: =Combined_Ranking!A9 -> 6 | C18: ="t="&TEXT(Combined_Ranking!B9,"0.000")&" mm; H="&TEXT(Combined_Ranking!C9,"0.000")&" mm" -> t=1.750 mm; H=5.250 mm | D18: =Derived_Metrics!E9 -> 0.38815 | E18: =Derived_Metrics!T9 -> 0.41045 | F18: =Derived_Metrics!U9 -> 0.24758 | G18: =Derived_Metrics!H9 -> 0.256176 | H18: =Combined_Ranking!J9 -> 0.96205683 | I18: =Combined_Ranking!P9 -> Best balanced and sensitivity-oriented preferred-wall design. | J18: 1.75 mm wall is the preferred mechanism level: 25% cavity area.
A19: ="2 — Challenger" -> 2 — Challenger | B19: =Combined_Ranking!A8 -> 5 | C19: ="t="&TEXT(Combined_Ranking!B8,"0.000")&" mm; H="&TEXT(Combined_Ranking!C8,"0.000")&" mm" -> t=1.750 mm; H=3.500 mm | D19: =Derived_Metrics!E8 -> 0.52946 | E19: =Derived_Metrics!T8 -> 0.39425 | F19: =Derived_Metrics!U8 -> 0.31364 | G19: =Derived_Metrics!H8 -> 0.28035547 | H19: =Combined_Ranking!J8 -> 0.93605792 | I19: =Combined_Ranking!P8 -> Best durability-oriented preferred-wall design; fabricate alongside Run 6. | J19: 0.875 mm walls are over-hollowed at 56.25% cavity area.
A20: ="3 — Control" -> 3 — Control | B20: =Combined_Ranking!A7 -> 4 | C20: ="t="&TEXT(Combined_Ranking!B7,"0.000")&" mm; H="&TEXT(Combined_Ranking!C7,"0.000")&" mm" -> t=1.750 mm; H=1.750 mm | D20: =Derived_Metrics!E7 -> 1.1661 | E20: =Derived_Metrics!T7 -> 0.54173 | F20: =Derived_Metrics!U7 -> 0.52259 | G20: =Derived_Metrics!H7 -> 0.36111769 | H20: =Combined_Ranking!J7 -> 0.69257997 | I20: =Combined_Ranking!P7 -> Use as the durability and strong-activation control. | J20: 2.625 mm walls are near-solid at only 6.25% cavity area.
A21: ="4 — Control" -> 4 — Control | B21: =Combined_Ranking!A12 -> 9 | C21: ="t="&TEXT(Combined_Ranking!B12,"0.000")&" mm; H="&TEXT(Combined_Ranking!C12,"0.000")&" mm" -> t=2.625 mm; H=5.250 mm | D21: =Derived_Metrics!E12 -> 0.58161 | E21: =Derived_Metrics!T12 -> 0.44393 | F21: =Derived_Metrics!U12 -> 0.32715 | G21: =Derived_Metrics!H12 -> 0.2194765 | H21: =Combined_Ranking!J12 -> 0.86219468 | I21: =Combined_Ranking!P12 -> Useful to test whether the hollow mechanism adds value. | J21: H = 5.25 mm favors sensitivity; H = 3.50 mm favors durability.
A22: ="Rejected" -> Rejected | B22: =Combined_Ranking!A10 -> 7 | C22: ="t="&TEXT(Combined_Ranking!B10,"0.000")&" mm; H="&TEXT(Combined_Ranking!C10,"0.000")&" mm" -> t=2.625 mm; H=1.750 mm | D22: N/A — failed solve | E22: N/A — failed solve | F22: N/A — failed solve | G22: N/A — failed solve | H22: 0 | I22: =Combined_Ranking!P10 -> Reject from the primary design set; retain failed solution only as diagnostic evidence. | J22: Corrected Runs 1, 5, and 8 now have comparable contact/indenter conditions.
J23: Run 7 failed even with aggressive nonlinear controls.
A25: Required validation before thesis-level finalization
A26: 1 | B26: Fit the actual 70 wt% filled composite to a hyperelastic material model using UTM data.
A27: 2 | B27: Perform local mesh convergence on Runs 5 and 6; compare force, strain, energy, and lateral ratio.
A28: 3 | B28: Fabricate Runs 5 and 6 plus Runs 4 and 9 as controls; calibrate force versus emitted light.
A29: 4 | B29: Record neighboring-taxel intensity to verify that Run 6's higher localization also reduces optical/mechanical cross-talk.

Sheet Inputs_Theory
A1: 3×3 Hollow-Rod Array — Inputs, Material Model, and Screening Rules
K3: Transparent scoring thresholds
A4: Fixed geometry | D4: ANSYS Neo-Hookean material model | H4: Design levels | K4: Eq. strain zero-low | L4: 0.15 | M4: Activation trapezoid
A5: Rod outer diameter, D (mm) | B5: 7 | D5: Shear parameter, μ (MPa) | E5: 0.0473 | F5: Report input | H5: Wall thickness t (mm) | I5: Rod height H (mm) | K5: Eq. strain full-low | L5: 0.35 | M5: Activation trapezoid
A6: Buffer/base thickness, tb (mm) | B6: 1.75 | D6: Compressibility parameter, D1 (MPa⁻¹) | E6: 0.424 | F6: Report input | H6: 0.875 | I6: 1.75 | K6: Eq. strain full-high | L6: 0.55 | M6: Activation trapezoid
A7: Required indentation, δ (mm) | B7: 1.25 | D7: Initial bulk modulus, K (MPa) | E7: =2/E6 -> 4.7169811 | F7: =2/D1 | H7: 1.75 | I7: 3.5 | K7: Eq. strain zero-high | L7: 1 | M7: Activation trapezoid
A8: Array rows | B8: 3 | D8: Initial Young's modulus, E₀ (MPa) | E8: =9*E7*E5/(3*E7+E5) -> 0.14142727 | F8: =9Kμ/(3K+μ) | H8: 2.625 | I8: 5.25 | K8: Energy zero-low (mJ) | L8: 0.05 | M8: Activation trapezoid
A9: Array columns | B9: 3 | D9: Initial Poisson's ratio, ν₀ | E9: =(3*E7-2*E5)/(2*(3*E7+E5)) -> 0.4950029 | F9: Nearly incompressible | K9: Energy full-low (mJ) | L9: 0.2 | M9: Activation trapezoid
A10: Skin width (mm) | B10: 30 | D10: FEA elastomer | E10: Ecoflex 00-45 | F10: Unfilled material model | K10: Energy full-high (mJ) | L10: 0.4 | M10: Activation trapezoid
A11: Skin length (mm) | B11: 30 | D11: Indenter | E11: ABS | F11: Flexible body in reports | K11: Energy zero-high (mJ) | L11: 0.7 | M11: Activation trapezoid
A12: Common indenter width (mm) | B12: 4 | K12: Stress-localization proxy low | L12: 1.5 | M12: Ramp
A13: Rod count | B13: =B8*B9 -> 9 | K13: Stress-localization proxy high | L13: 3.5 | M13: Ramp
A14: Center-to-center pitch (mm) | B14: 9 | K14: Secant stiffness zero-low | L14: 0.08 | M14: Compliance trapezoid
A15: Inter-rod clear gap (mm) | B15: 2 | K15: Secant stiffness full-low | L15: 0.2 | M15: Compliance trapezoid
A16: Edge margin to skin boundary (mm) | B16: 2.5 | K16: Secant stiffness full-high | L16: 0.5 | M16: Compliance trapezoid
K17: Secant stiffness zero-high | L17: 1.2 | M17: Compliance trapezoid
A18: Model-scope warning | K18: Localization low | L18: 3 | M18: Ramp
A19: The analytical calculations are geometry-based proxies using the initial Ecoflex 00-45 modulus. The FEA reports also use unfilled Ecoflex 00-45, while the fabricated sensing skin contains a 70 wt% ZnS:Cu,Al/BaTiO₃ filler system in an Ecoflex/PDMS binder. Absolute force predictions must therefore be replaced by UTM-fitted composite properties before final validation. The analytical cylindrical formulas do not capture the rounded cap, wall ovalization, contact growth, or rod-to-base stress concentration. | K19: Localization high | L19: 8 | M19: Ramp
K20: Lateral ratio good | L20: 0.24 | M20: Inverse ramp
K21: Lateral ratio poor | L21: 0.38 | M21: Inverse ramp
K22: Eq. strain risk-good | L22: 0.55 | M22: Inverse ramp
K23: Eq. strain risk-poor | L23: 1 | M23: Inverse ramp
K24: H/t stable | L24: 3 | M24: Inverse ramp
K25: H/t unstable | L25: 6 | M25: Inverse ramp
K26: Hollow ratio zero-low | L26: 0.05 | M26: Geometry trapezoid
K27: Hollow ratio full-low | L27: 0.18 | M27: Geometry trapezoid
K28: Hollow ratio full-high | L28: 0.33 | M28: Geometry trapezoid
K29: Hollow ratio zero-high | L29: 0.6 | M29: Geometry trapezoid
K30: Cavity diameter low (mm) | L30: 1 | M30: Manufacturing ramp
K31: Cavity diameter full (mm) | L31: 3.5 | M31: Manufacturing ramp

Sheet Theoretical_Calc
A1: Theoretical Geometry and Structural Proxies
A3: Run | B3: Wall t (mm) | C3: Height H (mm) | D3: Inner diameter Di (mm) | E3: Annular area A (mm²) | F3: Second moment I (mm⁴) | G3: Polar moment J (mm⁴) | H3: Radius of gyration rg (mm) | I3: Hollow-area ratio | J3: H/t | K3: H/rg | L3: Nominal δ/H | M3: Linear axial k (N/mm) | N3: Linear compliance (mm/N) | O3: Lateral k proxy (N/mm) | P3: Euler Pcr proxy (N) | Q3: CAD rod volume (mm³) | R3: Straight annular volume A·H (mm³) | S3: CAD/A·H ratio
A4: 1 | B4: 0.875 | C4: 1.75 | D4: =Inputs_Theory!$B$5-2*B4 -> 5.25 | E4: =PI()/4*(Inputs_Theory!$B$5^2-D4^2) -> 16.836973 | F4: =PI()/64*(Inputs_Theory!$B$5^4-D4^4) -> 80.567547 | G4: =2*F4 -> 161.13509 | H4: =SQRT(F4/E4) -> 2.1875 | I4: =(D4/Inputs_Theory!$B$5)^2 -> 0.5625 | J4: =C4/B4 -> 2 | K4: =C4/H4 -> 0.8 | L4: =Inputs_Theory!$B$7/C4 -> 0.71428571 | M4: =Inputs_Theory!$E$8*E4/C4 -> 1.3606898 | N4: =1/M4 -> 0.73492134 | O4: =3*Inputs_Theory!$E$8*F4/C4^3 -> 6.3782336 | P4: =PI()^2*Inputs_Theory!$E$8*F4/(2*C4)^2 -> 9.1803021 | Q4: 27.005 | R4: =E4*C4 -> 29.464703 | S4: =Q4/R4 -> 0.91652035
A5: 2 | B5: 0.875 | C5: 3.5 | D5: =Inputs_Theory!$B$5-2*B5 -> 5.25 | E5: =PI()/4*(Inputs_Theory!$B$5^2-D5^2) -> 16.836973 | F5: =PI()/64*(Inputs_Theory!$B$5^4-D5^4) -> 80.567547 | G5: =2*F5 -> 161.13509 | H5: =SQRT(F5/E5) -> 2.1875 | I5: =(D5/Inputs_Theory!$B$5)^2 -> 0.5625 | J5: =C5/B5 -> 4 | K5: =C5/H5 -> 1.6 | L5: =Inputs_Theory!$B$7/C5 -> 0.35714286 | M5: =Inputs_Theory!$E$8*E5/C5 -> 0.68034492 | N5: =1/M5 -> 1.4698427 | O5: =3*Inputs_Theory!$E$8*F5/C5^3 -> 0.7972792 | P5: =PI()^2*Inputs_Theory!$E$8*F5/(2*C5)^2 -> 2.2950755 | Q5: 59.988 | R5: =E5*C5 -> 58.929406 | S5: =Q5/R5 -> 1.0179638
A6: 3 | B6: 0.875 | C6: 5.25 | D6: =Inputs_Theory!$B$5-2*B6 -> 5.25 | E6: =PI()/4*(Inputs_Theory!$B$5^2-D6^2) -> 16.836973 | F6: =PI()/64*(Inputs_Theory!$B$5^4-D6^4) -> 80.567547 | G6: =2*F6 -> 161.13509 | H6: =SQRT(F6/E6) -> 2.1875 | I6: =(D6/Inputs_Theory!$B$5)^2 -> 0.5625 | J6: =C6/B6 -> 6 | K6: =C6/H6 -> 2.4 | L6: =Inputs_Theory!$B$7/C6 -> 0.23809524 | M6: =Inputs_Theory!$E$8*E6/C6 -> 0.45356328 | N6: =1/M6 -> 2.204764 | O6: =3*Inputs_Theory!$E$8*F6/C6^3 -> 0.23623088 | P6: =PI()^2*Inputs_Theory!$E$8*F6/(2*C6)^2 -> 1.0200336 | Q6: 92.231 | R6: =E6*C6 -> 88.394109 | S6: =Q6/R6 -> 1.0434066
A7: 4 | B7: 1.75 | C7: 1.75 | D7: =Inputs_Theory!$B$5-2*B7 -> 3.5 | E7: =PI()/4*(Inputs_Theory!$B$5^2-D7^2) -> 28.863383 | F7: =PI()/64*(Inputs_Theory!$B$5^4-D7^4) -> 110.49264 | G7: =2*F7 -> 220.98527 | H7: =SQRT(F7/E7) -> 1.9565595 | I7: =(D7/Inputs_Theory!$B$5)^2 -> 0.25 | J7: =C7/B7 -> 1 | K7: =C7/H7 -> 0.89442719 | L7: =Inputs_Theory!$B$7/C7 -> 0.71428571 | M7: =Inputs_Theory!$E$8*E7/C7 -> 2.3326112 | N7: =1/M7 -> 0.42870411 | O7: =3*Inputs_Theory!$E$8*F7/C7^3 -> 8.7472918 | P7: =PI()^2*Inputs_Theory!$E$8*F7/(2*C7)^2 -> 12.590129 | Q7: 34.547 | R7: =E7*C7 -> 50.510919 | S7: =Q7/R7 -> 0.68395112
A8: 5 | B8: 1.75 | C8: 3.5 | D8: =Inputs_Theory!$B$5-2*B8 -> 3.5 | E8: =PI()/4*(Inputs_Theory!$B$5^2-D8^2) -> 28.863383 | F8: =PI()/64*(Inputs_Theory!$B$5^4-D8^4) -> 110.49264 | G8: =2*F8 -> 220.98527 | H8: =SQRT(F8/E8) -> 1.9565595 | I8: =(D8/Inputs_Theory!$B$5)^2 -> 0.25 | J8: =C8/B8 -> 2 | K8: =C8/H8 -> 1.7888544 | L8: =Inputs_Theory!$B$7/C8 -> 0.35714286 | M8: =Inputs_Theory!$E$8*E8/C8 -> 1.1663056 | N8: =1/M8 -> 0.85740823 | O8: =3*Inputs_Theory!$E$8*F8/C8^3 -> 1.0934115 | P8: =PI()^2*Inputs_Theory!$E$8*F8/(2*C8)^2 -> 3.1475321 | Q8: 74.166 | R8: =E8*C8 -> 101.02184 | S8: =Q8/R8 -> 0.73415809
A9: 6 | B9: 1.75 | C9: 5.25 | D9: =Inputs_Theory!$B$5-2*B9 -> 3.5 | E9: =PI()/4*(Inputs_Theory!$B$5^2-D9^2) -> 28.863383 | F9: =PI()/64*(Inputs_Theory!$B$5^4-D9^4) -> 110.49264 | G9: =2*F9 -> 220.98527 | H9: =SQRT(F9/E9) -> 1.9565595 | I9: =(D9/Inputs_Theory!$B$5)^2 -> 0.25 | J9: =C9/B9 -> 3 | K9: =C9/H9 -> 2.6832816 | L9: =Inputs_Theory!$B$7/C9 -> 0.23809524 | M9: =Inputs_Theory!$E$8*E9/C9 -> 0.77753705 | N9: =1/M9 -> 1.2861123 | O9: =3*Inputs_Theory!$E$8*F9/C9^3 -> 0.32397377 | P9: =PI()^2*Inputs_Theory!$E$8*F9/(2*C9)^2 -> 1.3989032 | Q9: 126.16 | R9: =E9*C9 -> 151.53276 | S9: =Q9/R9 -> 0.83255925
A10: 7 | B10: 2.625 | C10: 1.75 | D10: =Inputs_Theory!$B$5-2*B10 -> 1.75 | E10: =PI()/4*(Inputs_Theory!$B$5^2-D10^2) -> 36.079228 | F10: =PI()/64*(Inputs_Theory!$B$5^4-D10^4) -> 117.39843 | G10: =2*F10 -> 234.79685 | H10: =SQRT(F10/E10) -> 1.8038587 | I10: =(D10/Inputs_Theory!$B$5)^2 -> 0.0625 | J10: =C10/B10 -> 0.66666667 | K10: =C10/H10 -> 0.9701425 | L10: =Inputs_Theory!$B$7/C10 -> 0.71428571 | M10: =Inputs_Theory!$E$8*E10/C10 -> 2.9157639 | N10: =1/M10 -> 0.34296329 | O10: =3*Inputs_Theory!$E$8*F10/C10^3 -> 9.2939976 | P10: =PI()^2*Inputs_Theory!$E$8*F10/(2*C10)^2 -> 13.377012 | Q10: 38.579 | R10: =E10*C10 -> 63.138649 | S10: =Q10/R10 -> 0.61102036
A11: 8 | B11: 2.625 | C11: 3.5 | D11: =Inputs_Theory!$B$5-2*B11 -> 1.75 | E11: =PI()/4*(Inputs_Theory!$B$5^2-D11^2) -> 36.079228 | F11: =PI()/64*(Inputs_Theory!$B$5^4-D11^4) -> 117.39843 | G11: =2*F11 -> 234.79685 | H11: =SQRT(F11/E11) -> 1.8038587 | I11: =(D11/Inputs_Theory!$B$5)^2 -> 0.0625 | J11: =C11/B11 -> 1.3333333 | K11: =C11/H11 -> 1.940285 | L11: =Inputs_Theory!$B$7/C11 -> 0.35714286 | M11: =Inputs_Theory!$E$8*E11/C11 -> 1.457882 | N11: =1/M11 -> 0.68592658 | O11: =3*Inputs_Theory!$E$8*F11/C11^3 -> 1.1617497 | P11: =PI()^2*Inputs_Theory!$E$8*F11/(2*C11)^2 -> 3.3442529 | Q11: 85.128 | R11: =E11*C11 -> 126.2773 | S11: =Q11/R11 -> 0.67413542
A12: 9 | B12: 2.625 | C12: 5.25 | D12: =Inputs_Theory!$B$5-2*B12 -> 1.75 | E12: =PI()/4*(Inputs_Theory!$B$5^2-D12^2) -> 36.079228 | F12: =PI()/64*(Inputs_Theory!$B$5^4-D12^4) -> 117.39843 | G12: =2*F12 -> 234.79685 | H12: =SQRT(F12/E12) -> 1.8038587 | I12: =(D12/Inputs_Theory!$B$5)^2 -> 0.0625 | J12: =C12/B12 -> 2 | K12: =C12/H12 -> 2.9104275 | L12: =Inputs_Theory!$B$7/C12 -> 0.23809524 | M12: =Inputs_Theory!$E$8*E12/C12 -> 0.97192132 | N12: =1/M12 -> 1.0288899 | O12: =3*Inputs_Theory!$E$8*F12/C12^3 -> 0.34422213 | P12: =PI()^2*Inputs_Theory!$E$8*F12/(2*C12)^2 -> 1.4863346 | Q12: 148.61 | R12: =E12*C12 -> 189.41595 | S12: =Q12/R12 -> 0.78456963

Sheet FEA_Setup_QA
A1: FEA Setup Audit and Comparability Check
A3: Run | B3: Solve status | C3: Target δ (mm) | D3: Last reported |Uz|min (mm) | E3: Indenter (mm) | F3: Base volume (mm³) | G3: Rod volume each (mm³) | H3: Model volume (mm³) | I3: Nodes | J3: Elements | K3: Contact | L3: Material | M3: QA finding | N3: Screening use
A4: 1 | B4: Solved | C4: 1.25 | D4: 1.25 | E4: 4 | F4: 1234.6 | G4: 27.005 | H4: 2085.6 | I4: 5543 | J4: 1959 | K4: Frictionless / asymmetric; bonded rods-base | L4: Ecoflex 00-45; ABS indenter | M4: Updated model now uses the common 4 × 4 mm indenter; directly comparable. | N4: Direct comparison
A5: 2 | B5: Solved | C5: 1.25 | D5: 1.25 | E5: 4 | F5: 1234.6 | G5: 59.988 | H5: 2382.5 | I5: 11909 | J5: 5815 | K5: Frictionless / asymmetric; bonded rods-base | L5: Ecoflex 00-45; ABS indenter | M5: No major setup mismatch found; automatic mesh still needs convergence verification. | N5: Direct comparison
A6: 3 | B6: Solved | C6: 1.25 | D6: 1.25 | E6: 4 | F6: 1234.6 | G6: 92.231 | H6: 2672.7 | I6: 10388 | J6: 4750 | K6: Frictionless / asymmetric; bonded rods-base | L6: Ecoflex 00-45; ABS indenter | M6: No major setup mismatch found; automatic mesh still needs convergence verification. | N6: Direct comparison
A7: 4 | B7: Solved | C7: 1.25 | D7: 1.25 | E7: 4 | F7: 1424.4 | G7: 34.547 | H7: 2343.4 | I7: 7413 | J7: 2829 | K7: Frictionless / asymmetric; bonded rods-base | L7: Ecoflex 00-45; ABS indenter | M7: Solved, but lateral directional-deformation scoping differs from several other reports; treat lateral ratio with moderate caution. | N7: Direct comparison
A8: 5 | B8: Solved | C8: 1.25 | D8: 1.25 | E8: 4 | F8: 1424.4 | G8: 74.166 | H8: 2699.9 | I8: 6869 | J8: 2574 | K8: Frictionless / asymmetric; bonded rods-base | L8: Ecoflex 00-45; ABS indenter | M8: Updated curve engages immediately; the previous delayed-contact concern is resolved. | N8: Direct comparison
A9: 6 | B9: Solved | C9: 1.25 | D9: 1.25 | E9: 4 | F9: 1424.4 | G9: 126.16 | H9: 3167.8 | I9: 8028 | J9: 3136 | K9: Frictionless / asymmetric; bonded rods-base | L9: Ecoflex 00-45; ABS indenter | M9: No major setup mismatch found; directly comparable. | N9: Direct comparison
A10: 7 | B10: Failed | C10: 1.25 | D10: 1.2467 | E10: 4 | F10: 1537.4 | G10: 38.579 | H10: 2492.6 | I10: 9992 | J10: 4242 | K10: Frictionless / asymmetric; bonded rods-base | L10: Ecoflex 00-45; ABS indenter | M10: Report is not finalized and the nonlinear solution failed. The last displayed state reports |Uz|min = 1.2467 mm; its strain, stress, energy, and force outputs are diagnostic only and not rankable. | N10: Diagnostic only — score forced to zero
A11: 8 | B11: Solved | C11: 1.25 | D11: 1.25 | E11: 4 | F11: 1537.4 | G11: 85.128 | H11: 2911.5 | I11: 8217 | J11: 3404 | K11: Frictionless / asymmetric; bonded rods-base | L11: Ecoflex 00-45; ABS indenter | M11: Updated curve engages immediately; old delayed-contact concern is resolved. A separate stress-intensity object has different scoping and is excluded. | N11: Direct comparison
A12: 9 | B12: Solved | C12: 1.25 | D12: 1.25 | E12: 4 | F12: 1537.4 | G12: 148.61 | H12: 3482.8 | I12: 9493 | J12: 4139 | K12: Frictionless / asymmetric; bonded rods-base | L12: Ecoflex 00-45; ABS indenter | M12: Solved and directly comparable; near-solid cavity remains a mechanism limitation. | N12: Direct comparison
A15: Common nonlinear setup and limitations
A16: All reports use large deflection, automatic time stepping, a frictionless indenter contact, and a Neo-Hookean Ecoflex 00-45 model. Run 7 is especially well documented as a genuine target failure: it used two load steps, 200 initial / 100 minimum / 2000 maximum substeps, Full Newton–Raphson, and Line Search On, yet the report remained 'Solve Failed' and 'Not Finalized'. No report contains a formal mesh-convergence study, and some result objects use different scoping. Cross-run ranking therefore relies only on the common equivalent strain, equivalent stress, energy, reaction force, and global displacement outputs.

Sheet FEA_Raw
A1: Cross-Run FEA Results Extracted from ANSYS Reports
A3: Run | B3: Status | C3: Total deformation max (mm) | D3: Ux min | E3: Ux max | F3: Uy min | G3: Uy max | H3: Uz min | I3: Uz max | J3: Eq. strain max | K3: Eq. strain avg | L3: Eq. stress max (MPa) | M3: Eq. stress avg (MPa) | N3: Total strain energy (mJ) | O3: Max element energy (mJ) | P3: Fx (N) | Q3: Fy (N) | R3: Fz (N) | S3: Force total (N) | T3: Moment total (N·mm)
A4: 1 | B4: Solved | C4: 1.2879 | D4: -0.30586 | E4: 0.30794 | F4: -0.26208 | G4: 0.24323 | H4: -1.2877 | I4: 0.071349 | J4: 0.38402 | K4: 0.061812 | L4: 0.041209 | M4: 0.0058107 | N4: 0.18595 | O4: 0.0095731 | P4: -0.0026995 | Q4: 0.0063496 | R4: -0.39382 | S4: 0.39388 | T4: 0.06266
A5: 2 | B5: Solved | C5: 1.2723 | D5: -0.29508 | E5: 0.302 | F5: -0.284 | G5: 0.26686 | H5: -1.2722 | I5: 0.030519 | J5: 0.39039 | K5: 0.1179 | L5: 0.047958 | M5: 0.01439 | N5: 0.14115 | O5: 0.0016088 | P5: 0.00031096 | Q5: 0.00088709 | R5: -0.25363 | S5: 0.25363 | T5: 0.0056734
A6: 3 | B6: Solved | C6: 1.2653 | D6: -0.31707 | E6: 0.29511 | F6: -0.29433 | G6: 0.29072 | H6: -1.2652 | I6: 0.015601 | J6: 0.36118 | K6: 0.078214 | L6: 0.044558 | M6: 0.0094931 | N6: 0.12106 | O6: 0.0023575 | P6: -0.00074615 | Q6: 0.00019182 | R6: -0.18224 | S6: 0.18224 | T6: 0.0058236
A7: 4 | B7: Solved | C7: 1.2875 | D7: -0.4575 | E7: 0.42382 | F7: -0.42261 | G7: 0.40017 | H7: -1.2669 | I7: 0.094296 | J7: 0.54173 | K7: 0.065235 | L7: 0.068249 | M7: 0.0074679 | N7: 0.52259 | O7: 0.023462 | P7: -0.0074968 | Q7: 1.8146e-05 | R7: -1.1661 | S7: 1.1662 | T7: 0.023793
A8: 5 | B8: Solved | C8: 1.2784 | D8: -0.31704 | E8: 0.34379 | F8: -0.35807 | G8: 0.34683 | H8: -1.2772 | I8: 0.057538 | J8: 0.39425 | K8: 0.051909 | L8: 0.047683 | M8: 0.0061699 | N8: 0.31364 | O8: 0.0071484 | P8: 0.0093836 | Q8: -0.0026448 | R8: -0.52946 | S8: 0.52955 | T8: 0.0092367
A9: 6 | B9: Solved | C9: 1.25 | D9: -0.29568 | E9: 0.31532 | F9: -0.29724 | G9: 0.32022 | H9: -1.25 | I9: 0.019165 | J9: 0.41045 | K9: 0.039758 | L9: 0.049149 | M9: 0.0047938 | N9: 0.24758 | O9: 0.006219 | P9: -0.00054565 | Q9: 0.001663 | R9: -0.38815 | S9: 0.38815 | T9: 0.015359
A10: 7 | B10: Failed | C10: 1.2467 | D10: -0.41507 | E10: 0.40913 | F10: -0.41465 | G10: 0.40914 | H10: -1.2467 | I10: 0.12143 | J10: 1.0378 | K10: 0.16068 | L10: 0.17953 | M10: 0.020483 | N10: 0.67089 | O10: 0.024541 | P10: 0.00057351 | Q10: -0.0014033 | R10: -1.621 | S10: 1.621 | T10: 0.066278
A11: 8 | B11: Solved | C11: 1.2633 | D11: -0.34832 | E11: 0.31265 | F11: -0.30468 | G11: 0.34945 | H11: -1.2629 | I11: 0.046755 | J11: 0.54173 | K11: 0.077489 | L11: 0.0664 | M11: 0.0093922 | N11: 0.39134 | O11: 0.00549 | P11: -0.0061943 | Q11: 0.001205 | R11: -0.80258 | S11: 0.8026 | T11: 0.021522
A12: 9 | B12: Solved | C12: 1.2922 | D12: -0.28341 | E12: 0.26526 | F12: -0.28179 | G12: 0.27813 | H12: -1.2913 | I12: 0.031253 | J12: 0.44393 | K12: 0.058664 | L12: 0.053375 | M12: 0.0072144 | N12: 0.32715 | O12: 0.0043773 | P12: -0.00025991 | Q12: -0.0021355 | R12: -0.58161 | S12: 0.58161 | T12: 0.013802

Sheet Derived_Metrics
A1: Derived FEA Performance Metrics
A3: Run | B3: Wall t | C3: Height H | D3: Status | E3: |Fz| (N) | F3: Secant k (N/mm) | G3: Max lateral def. (mm) | H3: Lateral ratio | I3: Strain localization | J3: Stress localization | K3: Nominal axial stress (MPa) | L3: Stress-localization proxy | M3: Energy / force (mm) | N3: Work ratio 2U/Fδ | O3: FEA / linear k | P3: Theoretical lateral k | Q3: H/t | R3: Di (mm) | S3: Hollow ratio | T3: Eq. strain max | U3: Total energy (mJ) | V3: Convergence flag
A4: =FEA_Raw!A4 -> 1 | B4: =Theoretical_Calc!B4 -> 0.875 | C4: =Theoretical_Calc!C4 -> 1.75 | D4: =FEA_Raw!B4 -> Solved | E4: =ABS(FEA_Raw!R4) -> 0.39382 | F4: =E4/Inputs_Theory!$B$7 -> 0.315056 | G4: =MAX(-FEA_Raw!D4,FEA_Raw!E4,-FEA_Raw!F4,FEA_Raw!G4) -> 0.30794 | H4: =G4/ABS(FEA_Raw!H4) -> 0.23913955 | I4: =FEA_Raw!J4/FEA_Raw!K4 -> 6.2127095 | J4: =FEA_Raw!L4/FEA_Raw!M4 -> 7.0919166 | K4: =E4/Theoretical_Calc!E4 -> 0.02339019 | L4: =FEA_Raw!L4/K4 -> 1.761807 | M4: =FEA_Raw!N4/E4 -> 0.47217003 | N4: =2*FEA_Raw!N4/(E4*Inputs_Theory!$B$7) -> 0.75547204 | O4: =F4/Theoretical_Calc!M4 -> 0.23154138 | P4: =Theoretical_Calc!O4 -> 6.3782336 | Q4: =Theoretical_Calc!J4 -> 2 | R4: =Theoretical_Calc!D4 -> 5.25 | S4: =Theoretical_Calc!I4 -> 0.5625 | T4: =FEA_Raw!J4 -> 0.38402 | U4: =FEA_Raw!N4 -> 0.18595 | V4: =IF(D4="Solved",1,0) -> 1
A5: =FEA_Raw!A5 -> 2 | B5: =Theoretical_Calc!B5 -> 0.875 | C5: =Theoretical_Calc!C5 -> 3.5 | D5: =FEA_Raw!B5 -> Solved | E5: =ABS(FEA_Raw!R5) -> 0.25363 | F5: =E5/Inputs_Theory!$B$7 -> 0.202904 | G5: =MAX(-FEA_Raw!D5,FEA_Raw!E5,-FEA_Raw!F5,FEA_Raw!G5) -> 0.302 | H5: =G5/ABS(FEA_Raw!H5) -> 0.23738406 | I5: =FEA_Raw!J5/FEA_Raw!K5 -> 3.3111959 | J5: =FEA_Raw!L5/FEA_Raw!M5 -> 3.3327311 | K5: =E5/Theoretical_Calc!E5 -> 0.015063872 | L5: =FEA_Raw!L5/K5 -> 3.1836437 | M5: =FEA_Raw!N5/E5 -> 0.55651934 | N5: =2*FEA_Raw!N5/(E5*Inputs_Theory!$B$7) -> 0.89043094 | O5: =F5/Theoretical_Calc!M5 -> 0.29823696 | P5: =Theoretical_Calc!O5 -> 0.7972792 | Q5: =Theoretical_Calc!J5 -> 4 | R5: =Theoretical_Calc!D5 -> 5.25 | S5: =Theoretical_Calc!I5 -> 0.5625 | T5: =FEA_Raw!J5 -> 0.39039 | U5: =FEA_Raw!N5 -> 0.14115 | V5: =IF(D5="Solved",1,0) -> 1
A6: =FEA_Raw!A6 -> 3 | B6: =Theoretical_Calc!B6 -> 0.875 | C6: =Theoretical_Calc!C6 -> 5.25 | D6: =FEA_Raw!B6 -> Solved | E6: =ABS(FEA_Raw!R6) -> 0.18224 | F6: =E6/Inputs_Theory!$B$7 -> 0.145792 | G6: =MAX(-FEA_Raw!D6,FEA_Raw!E6,-FEA_Raw!F6,FEA_Raw!G6) -> 0.31707 | H6: =G6/ABS(FEA_Raw!H6) -> 0.2506086 | I6: =FEA_Raw!J6/FEA_Raw!K6 -> 4.6178434 | J6: =FEA_Raw!L6/FEA_Raw!M6 -> 4.6937249 | K6: =E6/Theoretical_Calc!E6 -> 0.010823798 | L6: =FEA_Raw!L6/K6 -> 4.1166695 | M6: =FEA_Raw!N6/E6 -> 0.66428885 | N6: =2*FEA_Raw!N6/(E6*Inputs_Theory!$B$7) -> 1.0628622 | O6: =F6/Theoretical_Calc!M6 -> 0.32143696 | P6: =Theoretical_Calc!O6 -> 0.23623088 | Q6: =Theoretical_Calc!J6 -> 6 | R6: =Theoretical_Calc!D6 -> 5.25 | S6: =Theoretical_Calc!I6 -> 0.5625 | T6: =FEA_Raw!J6 -> 0.36118 | U6: =FEA_Raw!N6 -> 0.12106 | V6: =IF(D6="Solved",1,0) -> 1
A7: =FEA_Raw!A7 -> 4 | B7: =Theoretical_Calc!B7 -> 1.75 | C7: =Theoretical_Calc!C7 -> 1.75 | D7: =FEA_Raw!B7 -> Solved | E7: =ABS(FEA_Raw!R7) -> 1.1661 | F7: =E7/Inputs_Theory!$B$7 -> 0.93288 | G7: =MAX(-FEA_Raw!D7,FEA_Raw!E7,-FEA_Raw!F7,FEA_Raw!G7) -> 0.4575 | H7: =G7/ABS(FEA_Raw!H7) -> 0.36111769 | I7: =FEA_Raw!J7/FEA_Raw!K7 -> 8.3042845 | J7: =FEA_Raw!L7/FEA_Raw!M7 -> 9.1389815 | K7: =E7/Theoretical_Calc!E7 -> 0.04040067 | L7: =FEA_Raw!L7/K7 -> 1.6893037 | M7: =FEA_Raw!N7/E7 -> 0.44815196 | N7: =2*FEA_Raw!N7/(E7*Inputs_Theory!$B$7) -> 0.71704314 | O7: =F7/Theoretical_Calc!M7 -> 0.39992949 | P7: =Theoretical_Calc!O7 -> 8.7472918 | Q7: =Theoretical_Calc!J7 -> 1 | R7: =Theoretical_Calc!D7 -> 3.5 | S7: =Theoretical_Calc!I7 -> 0.25 | T7: =FEA_Raw!J7 -> 0.54173 | U7: =FEA_Raw!N7 -> 0.52259 | V7: =IF(D7="Solved",1,0) -> 1
A8: =FEA_Raw!A8 -> 5 | B8: =Theoretical_Calc!B8 -> 1.75 | C8: =Theoretical_Calc!C8 -> 3.5 | D8: =FEA_Raw!B8 -> Solved | E8: =ABS(FEA_Raw!R8) -> 0.52946 | F8: =E8/Inputs_Theory!$B$7 -> 0.423568 | G8: =MAX(-FEA_Raw!D8,FEA_Raw!E8,-FEA_Raw!F8,FEA_Raw!G8) -> 0.35807 | H8: =G8/ABS(FEA_Raw!H8) -> 0.28035547 | I8: =FEA_Raw!J8/FEA_Raw!K8 -> 7.5950221 | J8: =FEA_Raw!L8/FEA_Raw!M8 -> 7.7283262 | K8: =E8/Theoretical_Calc!E8 -> 0.018343657 | L8: =FEA_Raw!L8/K8 -> 2.5994271 | M8: =FEA_Raw!N8/E8 -> 0.59237714 | N8: =2*FEA_Raw!N8/(E8*Inputs_Theory!$B$7) -> 0.94780342 | O8: =F8/Theoretical_Calc!M8 -> 0.36317069 | P8: =Theoretical_Calc!O8 -> 1.0934115 | Q8: =Theoretical_Calc!J8 -> 2 | R8: =Theoretical_Calc!D8 -> 3.5 | S8: =Theoretical_Calc!I8 -> 0.25 | T8: =FEA_Raw!J8 -> 0.39425 | U8: =FEA_Raw!N8 -> 0.31364 | V8: =IF(D8="Solved",1,0) -> 1
A9: =FEA_Raw!A9 -> 6 | B9: =Theoretical_Calc!B9 -> 1.75 | C9: =Theoretical_Calc!C9 -> 5.25 | D9: =FEA_Raw!B9 -> Solved | E9: =ABS(FEA_Raw!R9) -> 0.38815 | F9: =E9/Inputs_Theory!$B$7 -> 0.31052 | G9: =MAX(-FEA_Raw!D9,FEA_Raw!E9,-FEA_Raw!F9,FEA_Raw!G9) -> 0.32022 | H9: =G9/ABS(FEA_Raw!H9) -> 0.256176 | I9: =FEA_Raw!J9/FEA_Raw!K9 -> 10.323708 | J9: =FEA_Raw!L9/FEA_Raw!M9 -> 10.252618 | K9: =E9/Theoretical_Calc!E9 -> 0.013447835 | L9: =FEA_Raw!L9/K9 -> 3.6547891 | M9: =FEA_Raw!N9/E9 -> 0.63784619 | N9: =2*FEA_Raw!N9/(E9*Inputs_Theory!$B$7) -> 1.0205539 | O9: =F9/Theoretical_Calc!M9 -> 0.3993636 | P9: =Theoretical_Calc!O9 -> 0.32397377 | Q9: =Theoretical_Calc!J9 -> 3 | R9: =Theoretical_Calc!D9 -> 3.5 | S9: =Theoretical_Calc!I9 -> 0.25 | T9: =FEA_Raw!J9 -> 0.41045 | U9: =FEA_Raw!N9 -> 0.24758 | V9: =IF(D9="Solved",1,0) -> 1
A10: =FEA_Raw!A10 -> 7 | B10: =Theoretical_Calc!B10 -> 2.625 | C10: =Theoretical_Calc!C10 -> 1.75 | D10: =FEA_Raw!B10 -> Failed | E10: =ABS(FEA_Raw!R10) -> 1.621 | F10: =E10/Inputs_Theory!$B$7 -> 1.2968 | G10: =MAX(-FEA_Raw!D10,FEA_Raw!E10,-FEA_Raw!F10,FEA_Raw!G10) -> 0.41507 | H10: =G10/ABS(FEA_Raw!H10) -> 0.33293495 | I10: =FEA_Raw!J10/FEA_Raw!K10 -> 6.4588001 | J10: =FEA_Raw!L10/FEA_Raw!M10 -> 8.7648294 | K10: =E10/Theoretical_Calc!E10 -> 0.044928899 | L10: =FEA_Raw!L10/K10 -> 3.9958691 | M10: =FEA_Raw!N10/E10 -> 0.41387415 | N10: =2*FEA_Raw!N10/(E10*Inputs_Theory!$B$7) -> 0.66219864 | O10: =F10/Theoretical_Calc!M10 -> 0.4447548 | P10: =Theoretical_Calc!O10 -> 9.2939976 | Q10: =Theoretical_Calc!J10 -> 0.66666667 | R10: =Theoretical_Calc!D10 -> 1.75 | S10: =Theoretical_Calc!I10 -> 0.0625 | T10: =FEA_Raw!J10 -> 1.0378 | U10: =FEA_Raw!N10 -> 0.67089 | V10: =IF(D10="Solved",1,0) -> 0
A11: =FEA_Raw!A11 -> 8 | B11: =Theoretical_Calc!B11 -> 2.625 | C11: =Theoretical_Calc!C11 -> 3.5 | D11: =FEA_Raw!B11 -> Solved | E11: =ABS(FEA_Raw!R11) -> 0.80258 | F11: =E11/Inputs_Theory!$B$7 -> 0.642064 | G11: =MAX(-FEA_Raw!D11,FEA_Raw!E11,-FEA_Raw!F11,FEA_Raw!G11) -> 0.34945 | H11: =G11/ABS(FEA_Raw!H11) -> 0.27670441 | I11: =FEA_Raw!J11/FEA_Raw!K11 -> 6.9910568 | J11: =FEA_Raw!L11/FEA_Raw!M11 -> 7.0696961 | K11: =E11/Theoretical_Calc!E11 -> 0.022244933 | L11: =FEA_Raw!L11/K11 -> 2.9849495 | M11: =FEA_Raw!N11/E11 -> 0.48760248 | N11: =2*FEA_Raw!N11/(E11*Inputs_Theory!$B$7) -> 0.78016397 | O11: =F11/Theoretical_Calc!M11 -> 0.44040877 | P11: =Theoretical_Calc!O11 -> 1.1617497 | Q11: =Theoretical_Calc!J11 -> 1.3333333 | R11: =Theoretical_Calc!D11 -> 1.75 | S11: =Theoretical_Calc!I11 -> 0.0625 | T11: =FEA_Raw!J11 -> 0.54173 | U11: =FEA_Raw!N11 -> 0.39134 | V11: =IF(D11="Solved",1,0) -> 1
A12: =FEA_Raw!A12 -> 9 | B12: =Theoretical_Calc!B12 -> 2.625 | C12: =Theoretical_Calc!C12 -> 5.25 | D12: =FEA_Raw!B12 -> Solved | E12: =ABS(FEA_Raw!R12) -> 0.58161 | F12: =E12/Inputs_Theory!$B$7 -> 0.465288 | G12: =MAX(-FEA_Raw!D12,FEA_Raw!E12,-FEA_Raw!F12,FEA_Raw!G12) -> 0.28341 | H12: =G12/ABS(FEA_Raw!H12) -> 0.2194765 | I12: =FEA_Raw!J12/FEA_Raw!K12 -> 7.5673326 | J12: =FEA_Raw!L12/FEA_Raw!M12 -> 7.3983976 | K12: =E12/Theoretical_Calc!E12 -> 0.016120356 | L12: =FEA_Raw!L12/K12 -> 3.3110311 | M12: =FEA_Raw!N12/E12 -> 0.56249033 | N12: =2*FEA_Raw!N12/(E12*Inputs_Theory!$B$7) -> 0.89998453 | O12: =F12/Theoretical_Calc!M12 -> 0.47873011 | P12: =Theoretical_Calc!O12 -> 0.34422213 | Q12: =Theoretical_Calc!J12 -> 2 | R12: =Theoretical_Calc!D12 -> 1.75 | S12: =Theoretical_Calc!I12 -> 0.0625 | T12: =FEA_Raw!J12 -> 0.44393 | U12: =FEA_Raw!N12 -> 0.32715 | V12: =IF(D12="Solved",1,0) -> 1

Sheet Combined_Ranking
A1: Combined Theoretical + FEA Design Screening
A3: Run | B3: Wall t | C3: Height H | D3: Status | E3: Activation | F3: Compliance | G3: Localization | H3: Stability | I3: Hollow / fabrication | J3: Balanced score | K3: Sensitivity-first | L3: Durability-first | M3: Balanced rank | N3: Durability rank | O3: Decision class | P3: Recommended role
A4: =Derived_Metrics!A4 -> 1 | B4: =Derived_Metrics!B4 -> 0.875 | C4: =Derived_Metrics!C4 -> 1.75 | D4: =Derived_Metrics!D4 -> Solved | E4: =IF(Derived_Metrics!V4=0,0,0.45*(IF(Derived_Metrics!T4<=Inputs_Theory!$L$4,0,IF(Derived_Metrics!T4<Inputs_Theory!$L$5,(Derived_Metrics!T4-Inputs_Theory!$L$4)/(Inputs_Theory!$L$5-Inputs_Theory!$L$4),IF(Derived_Metrics!T4<=Inputs_Theory!$L$6,1,IF(Derived_Metrics!T4<Inputs_Theory!$L$7,(Inputs_Theory!$L$7-Derived_Metrics!T4)/(Inputs_Theory!$L$7-Inputs_Theory!$L$6),0)))))+0.35*(IF(Derived_Metrics!U4<=Inputs_Theory!$L$8,0,IF(Derived_Metrics!U4<Inputs_Theory!$L$9,(Derived_Metrics!U4-Inputs_Theory!$L$8)/(Inputs_Theory!$L$9-Inputs_Theory!$L$8),IF(Derived_Metrics!U4<=Inputs_Theory!$L$10,1,IF(Derived_Metrics!U4<Inputs_Theory!$L$11,(Inputs_Theory!$L$11-Derived_Metrics!U4)/(Inputs_Theory!$L$11-Inputs_Theory!$L$10),0)))))+0.2*(MAX(0,MIN(1,(Derived_Metrics!L4-Inputs_Theory!$L$12)/(Inputs_Theory!$L$13-Inputs_Theory!$L$12))))) -> 0.79339736 | F4: =IF(Derived_Metrics!V4=0,0,IF(Derived_Metrics!F4<=Inputs_Theory!$L$14,0,IF(Derived_Metrics!F4<Inputs_Theory!$L$15,(Derived_Metrics!F4-Inputs_Theory!$L$14)/(Inputs_Theory!$L$15-Inputs_Theory!$L$14),IF(Derived_Metrics!F4<=Inputs_Theory!$L$16,1,IF(Derived_Metrics!F4<Inputs_Theory!$L$17,(Inputs_Theory!$L$17-Derived_Metrics!F4)/(Inputs_Theory!$L$17-Inputs_Theory!$L$16),0))))) -> 1 | G4: =IF(Derived_Metrics!V4=0,0,0.5*(MAX(0,MIN(1,(Derived_Metrics!I4-Inputs_Theory!$L$18)/(Inputs_Theory!$L$19-Inputs_Theory!$L$18))))+0.5*(MAX(0,MIN(1,(Inputs_Theory!$L$21-Derived_Metrics!H4)/(Inputs_Theory!$L$21-Inputs_Theory!$L$20))))) -> 0.82127095 | H4: =IF(Derived_Metrics!V4=0,0,0.35*Derived_Metrics!V4+0.25*MIN(1,Derived_Metrics!P4/Derived_Metrics!$P$8)+0.25*(MAX(0,MIN(1,(Inputs_Theory!$L$23-Derived_Metrics!T4)/(Inputs_Theory!$L$23-Inputs_Theory!$L$22))))+0.15*(MAX(0,MIN(1,(Inputs_Theory!$L$25-Derived_Metrics!Q4)/(Inputs_Theory!$L$25-Inputs_Theory!$L$24))))) -> 1 | I4: =IF(Derived_Metrics!V4=0,0,0.5*(IF(Derived_Metrics!S4<=Inputs_Theory!$L$26,0,IF(Derived_Metrics!S4<Inputs_Theory!$L$27,(Derived_Metrics!S4-Inputs_Theory!$L$26)/(Inputs_Theory!$L$27-Inputs_Theory!$L$26),IF(Derived_Metrics!S4<=Inputs_Theory!$L$28,1,IF(Derived_Metrics!S4<Inputs_Theory!$L$29,(Inputs_Theory!$L$29-Derived_Metrics!S4)/(Inputs_Theory!$L$29-Inputs_Theory!$L$28),0)))))+0.3*(IF(B4=0.875,0.6,IF(B4=1.75,1,0.8)))+0.2*(MAX(0,MIN(1,(Derived_Metrics!R4-Inputs_Theory!$L$30)/(Inputs_Theory!$L$31-Inputs_Theory!$L$30))))) -> 0.44944444 | J4: =IF(Derived_Metrics!V4=0,0,0.3*E4+0.2*F4+0.2*G4+0.15*H4+0.15*I4) -> 0.81969007 | K4: =IF(Derived_Metrics!V4=0,0,0.4*E4+0.25*F4+0.2*G4+0.05*H4+0.1*I4) -> 0.82655758 | L4: =IF(Derived_Metrics!V4=0,0,0.2*E4+0.1*F4+0.15*G4+0.3*H4+0.25*I4) -> 0.79423123 | M4: =_xlfn.RANK.EQ(J4,$J$4:$J$12,0) -> 4 | N4: =_xlfn.SINGLE(_xlfn.RANK.EQ(L4,$L$4:$L$12,0)) -> 4 | O4: THIN-WALL EXTREME | P4: Retain only as a highly hollow compliance/sensitivity control.
A5: =Derived_Metrics!A5 -> 2 | B5: =Derived_Metrics!B5 -> 0.875 | C5: =Derived_Metrics!C5 -> 3.5 | D5: =Derived_Metrics!D5 -> Solved | E5: =IF(Derived_Metrics!V5=0,0,0.45*(IF(Derived_Metrics!T5<=Inputs_Theory!$L$4,0,IF(Derived_Metrics!T5<Inputs_Theory!$L$5,(Derived_Metrics!T5-Inputs_Theory!$L$4)/(Inputs_Theory!$L$5-Inputs_Theory!$L$4),IF(Derived_Metrics!T5<=Inputs_Theory!$L$6,1,IF(Derived_Metrics!T5<Inputs_Theory!$L$7,(Inputs_Theory!$L$7-Derived_Metrics!T5)/(Inputs_Theory!$L$7-Inputs_Theory!$L$6),0)))))+0.35*(IF(Derived_Metrics!U5<=Inputs_Theory!$L$8,0,IF(Derived_Metrics!U5<Inputs_Theory!$L$9,(Derived_Metrics!U5-Inputs_Theory!$L$8)/(Inputs_Theory!$L$9-Inputs_Theory!$L$8),IF(Derived_Metrics!U5<=Inputs_Theory!$L$10,1,IF(Derived_Metrics!U5<Inputs_Theory!$L$11,(Inputs_Theory!$L$11-Derived_Metrics!U5)/(Inputs_Theory!$L$11-Inputs_Theory!$L$10),0)))))+0.2*(MAX(0,MIN(1,(Derived_Metrics!L5-Inputs_Theory!$L$12)/(Inputs_Theory!$L$13-Inputs_Theory!$L$12))))) -> 0.83104771 | F5: =IF(Derived_Metrics!V5=0,0,IF(Derived_Metrics!F5<=Inputs_Theory!$L$14,0,IF(Derived_Metrics!F5<Inputs_Theory!$L$15,(Derived_Metrics!F5-Inputs_Theory!$L$14)/(Inputs_Theory!$L$15-Inputs_Theory!$L$14),IF(Derived_Metrics!F5<=Inputs_Theory!$L$16,1,IF(Derived_Metrics!F5<Inputs_Theory!$L$17,(Inputs_Theory!$L$17-Derived_Metrics!F5)/(Inputs_Theory!$L$17-Inputs_Theory!$L$16),0))))) -> 1 | G5: =IF(Derived_Metrics!V5=0,0,0.5*(MAX(0,MIN(1,(Derived_Metrics!I5-Inputs_Theory!$L$18)/(Inputs_Theory!$L$19-Inputs_Theory!$L$18))))+0.5*(MAX(0,MIN(1,(Inputs_Theory!$L$21-Derived_Metrics!H5)/(Inputs_Theory!$L$21-Inputs_Theory!$L$20))))) -> 0.53111959 | H5: =IF(Derived_Metrics!V5=0,0,0.35*Derived_Metrics!V5+0.25*MIN(1,Derived_Metrics!P5/Derived_Metrics!$P$8)+0.25*(MAX(0,MIN(1,(Inputs_Theory!$L$23-Derived_Metrics!T5)/(Inputs_Theory!$L$23-Inputs_Theory!$L$22))))+0.15*(MAX(0,MIN(1,(Inputs_Theory!$L$25-Derived_Metrics!Q5)/(Inputs_Theory!$L$25-Inputs_Theory!$L$24))))) -> 0.88229167 | I5: =IF(Derived_Metrics!V5=0,0,0.5*(IF(Derived_Metrics!S5<=Inputs_Theory!$L$26,0,IF(Derived_Metrics!S5<Inputs_Theory!$L$27,(Derived_Metrics!S5-Inputs_Theory!$L$26)/(Inputs_Theory!$L$27-Inputs_Theory!$L$26),IF(Derived_Metrics!S5<=Inputs_Theory!$L$28,1,IF(Derived_Metrics!S5<Inputs_Theory!$L$29,(Inputs_Theory!$L$29-Derived_Metrics!S5)/(Inputs_Theory!$L$29-Inputs_Theory!$L$28),0)))))+0.3*(IF(B5=0.875,0.6,IF(B5=1.75,1,0.8)))+0.2*(MAX(0,MIN(1,(Derived_Metrics!R5-Inputs_Theory!$L$30)/(Inputs_Theory!$L$31-Inputs_Theory!$L$30))))) -> 0.44944444 | J5: =IF(Derived_Metrics!V5=0,0,0.3*E5+0.2*F5+0.2*G5+0.15*H5+0.15*I5) -> 0.75529865 | K5: =IF(Derived_Metrics!V5=0,0,0.4*E5+0.25*F5+0.2*G5+0.05*H5+0.1*I5) -> 0.77770203 | L5: =IF(Derived_Metrics!V5=0,0,0.2*E5+0.1*F5+0.15*G5+0.3*H5+0.25*I5) -> 0.72292609 | M5: =_xlfn.RANK.EQ(J5,$J$4:$J$12,0) -> 6 | N5: =_xlfn.SINGLE(_xlfn.RANK.EQ(L5,$L$4:$L$12,0)) -> 7 | O5: THIN-WALL EXTREME | P5: Retain as the medium-height thin-wall control.
A6: =Derived_Metrics!A6 -> 3 | B6: =Derived_Metrics!B6 -> 0.875 | C6: =Derived_Metrics!C6 -> 5.25 | D6: =Derived_Metrics!D6 -> Solved | E6: =IF(Derived_Metrics!V6=0,0,0.45*(IF(Derived_Metrics!T6<=Inputs_Theory!$L$4,0,IF(Derived_Metrics!T6<Inputs_Theory!$L$5,(Derived_Metrics!T6-Inputs_Theory!$L$4)/(Inputs_Theory!$L$5-Inputs_Theory!$L$4),IF(Derived_Metrics!T6<=Inputs_Theory!$L$6,1,IF(Derived_Metrics!T6<Inputs_Theory!$L$7,(Inputs_Theory!$L$7-Derived_Metrics!T6)/(Inputs_Theory!$L$7-Inputs_Theory!$L$6),0)))))+0.35*(IF(Derived_Metrics!U6<=Inputs_Theory!$L$8,0,IF(Derived_Metrics!U6<Inputs_Theory!$L$9,(Derived_Metrics!U6-Inputs_Theory!$L$8)/(Inputs_Theory!$L$9-Inputs_Theory!$L$8),IF(Derived_Metrics!U6<=Inputs_Theory!$L$10,1,IF(Derived_Metrics!U6<Inputs_Theory!$L$11,(Inputs_Theory!$L$11-Derived_Metrics!U6)/(Inputs_Theory!$L$11-Inputs_Theory!$L$10),0)))))+0.2*(MAX(0,MIN(1,(Derived_Metrics!L6-Inputs_Theory!$L$12)/(Inputs_Theory!$L$13-Inputs_Theory!$L$12))))) -> 0.81580667 | F6: =IF(Derived_Metrics!V6=0,0,IF(Derived_Metrics!F6<=Inputs_Theory!$L$14,0,IF(Derived_Metrics!F6<Inputs_Theory!$L$15,(Derived_Metrics!F6-Inputs_Theory!$L$14)/(Inputs_Theory!$L$15-Inputs_Theory!$L$14),IF(Derived_Metrics!F6<=Inputs_Theory!$L$16,1,IF(Derived_Metrics!F6<Inputs_Theory!$L$17,(Inputs_Theory!$L$17-Derived_Metrics!F6)/(Inputs_Theory!$L$17-Inputs_Theory!$L$16),0))))) -> 0.54826667 | G6: =IF(Derived_Metrics!V6=0,0,0.5*(MAX(0,MIN(1,(Derived_Metrics!I6-Inputs_Theory!$L$18)/(Inputs_Theory!$L$19-Inputs_Theory!$L$18))))+0.5*(MAX(0,MIN(1,(Inputs_Theory!$L$21-Derived_Metrics!H6)/(Inputs_Theory!$L$21-Inputs_Theory!$L$20))))) -> 0.62389648 | H6: =IF(Derived_Metrics!V6=0,0,0.35*Derived_Metrics!V6+0.25*MIN(1,Derived_Metrics!P6/Derived_Metrics!$P$8)+0.25*(MAX(0,MIN(1,(Inputs_Theory!$L$23-Derived_Metrics!T6)/(Inputs_Theory!$L$23-Inputs_Theory!$L$22))))+0.15*(MAX(0,MIN(1,(Inputs_Theory!$L$25-Derived_Metrics!Q6)/(Inputs_Theory!$L$25-Inputs_Theory!$L$24))))) -> 0.65401235 | I6: =IF(Derived_Metrics!V6=0,0,0.5*(IF(Derived_Metrics!S6<=Inputs_Theory!$L$26,0,IF(Derived_Metrics!S6<Inputs_Theory!$L$27,(Derived_Metrics!S6-Inputs_Theory!$L$26)/(Inputs_Theory!$L$27-Inputs_Theory!$L$26),IF(Derived_Metrics!S6<=Inputs_Theory!$L$28,1,IF(Derived_Metrics!S6<Inputs_Theory!$L$29,(Inputs_Theory!$L$29-Derived_Metrics!S6)/(Inputs_Theory!$L$29-Inputs_Theory!$L$28),0)))))+0.3*(IF(B6=0.875,0.6,IF(B6=1.75,1,0.8)))+0.2*(MAX(0,MIN(1,(Derived_Metrics!R6-Inputs_Theory!$L$30)/(Inputs_Theory!$L$31-Inputs_Theory!$L$30))))) -> 0.44944444 | J6: =IF(Derived_Metrics!V6=0,0,0.3*E6+0.2*F6+0.2*G6+0.15*H6+0.15*I6) -> 0.64469315 | K6: =IF(Derived_Metrics!V6=0,0,0.4*E6+0.25*F6+0.2*G6+0.05*H6+0.1*I6) -> 0.66581369 | L6: =IF(Derived_Metrics!V6=0,0,0.2*E6+0.1*F6+0.15*G6+0.3*H6+0.25*I6) -> 0.62013729 | M6: 8 | N6: =_xlfn.SINGLE(_xlfn.RANK.EQ(L6,$L$4:$L$12,0)) -> 8 | O6: THIN-WALL EXTREME | P6: Retain as the tall thin-wall control; inspect folding and fatigue.
A7: =Derived_Metrics!A7 -> 4 | B7: =Derived_Metrics!B7 -> 1.75 | C7: =Derived_Metrics!C7 -> 1.75 | D7: =Derived_Metrics!D7 -> Solved | E7: =IF(Derived_Metrics!V7=0,0,0.45*(IF(Derived_Metrics!T7<=Inputs_Theory!$L$4,0,IF(Derived_Metrics!T7<Inputs_Theory!$L$5,(Derived_Metrics!T7-Inputs_Theory!$L$4)/(Inputs_Theory!$L$5-Inputs_Theory!$L$4),IF(Derived_Metrics!T7<=Inputs_Theory!$L$6,1,IF(Derived_Metrics!T7<Inputs_Theory!$L$7,(Inputs_Theory!$L$7-Derived_Metrics!T7)/(Inputs_Theory!$L$7-Inputs_Theory!$L$6),0)))))+0.35*(IF(Derived_Metrics!U7<=Inputs_Theory!$L$8,0,IF(Derived_Metrics!U7<Inputs_Theory!$L$9,(Derived_Metrics!U7-Inputs_Theory!$L$8)/(Inputs_Theory!$L$9-Inputs_Theory!$L$8),IF(Derived_Metrics!U7<=Inputs_Theory!$L$10,1,IF(Derived_Metrics!U7<Inputs_Theory!$L$11,(Inputs_Theory!$L$11-Derived_Metrics!U7)/(Inputs_Theory!$L$11-Inputs_Theory!$L$10),0)))))+0.2*(MAX(0,MIN(1,(Derived_Metrics!L7-Inputs_Theory!$L$12)/(Inputs_Theory!$L$13-Inputs_Theory!$L$12))))) -> 0.6759087 | F7: =IF(Derived_Metrics!V7=0,0,IF(Derived_Metrics!F7<=Inputs_Theory!$L$14,0,IF(Derived_Metrics!F7<Inputs_Theory!$L$15,(Derived_Metrics!F7-Inputs_Theory!$L$14)/(Inputs_Theory!$L$15-Inputs_Theory!$L$14),IF(Derived_Metrics!F7<=Inputs_Theory!$L$16,1,IF(Derived_Metrics!F7<Inputs_Theory!$L$17,(Inputs_Theory!$L$17-Derived_Metrics!F7)/(Inputs_Theory!$L$17-Inputs_Theory!$L$16),0))))) -> 0.3816 | G7: =IF(Derived_Metrics!V7=0,0,0.5*(MAX(0,MIN(1,(Derived_Metrics!I7-Inputs_Theory!$L$18)/(Inputs_Theory!$L$19-Inputs_Theory!$L$18))))+0.5*(MAX(0,MIN(1,(Inputs_Theory!$L$21-Derived_Metrics!H7)/(Inputs_Theory!$L$21-Inputs_Theory!$L$20))))) -> 0.56743683 | H7: =IF(Derived_Metrics!V7=0,0,0.35*Derived_Metrics!V7+0.25*MIN(1,Derived_Metrics!P7/Derived_Metrics!$P$8)+0.25*(MAX(0,MIN(1,(Inputs_Theory!$L$23-Derived_Metrics!T7)/(Inputs_Theory!$L$23-Inputs_Theory!$L$22))))+0.15*(MAX(0,MIN(1,(Inputs_Theory!$L$25-Derived_Metrics!Q7)/(Inputs_Theory!$L$25-Inputs_Theory!$L$24))))) -> 1 | I7: =IF(Derived_Metrics!V7=0,0,0.5*(IF(Derived_Metrics!S7<=Inputs_Theory!$L$26,0,IF(Derived_Metrics!S7<Inputs_Theory!$L$27,(Derived_Metrics!S7-Inputs_Theory!$L$26)/(Inputs_Theory!$L$27-Inputs_Theory!$L$26),IF(Derived_Metrics!S7<=Inputs_Theory!$L$28,1,IF(Derived_Metrics!S7<Inputs_Theory!$L$29,(Inputs_Theory!$L$29-Derived_Metrics!S7)/(Inputs_Theory!$L$29-Inputs_Theory!$L$28),0)))))+0.3*(IF(B7=0.875,0.6,IF(B7=1.75,1,0.8)))+0.2*(MAX(0,MIN(1,(Derived_Metrics!R7-Inputs_Theory!$L$30)/(Inputs_Theory!$L$31-Inputs_Theory!$L$30))))) -> 1 | J7: =IF(Derived_Metrics!V7=0,0,0.3*E7+0.2*F7+0.2*G7+0.15*H7+0.15*I7) -> 0.69257997 | K7: =IF(Derived_Metrics!V7=0,0,0.4*E7+0.25*F7+0.2*G7+0.05*H7+0.1*I7) -> 0.62925084 | L7: =IF(Derived_Metrics!V7=0,0,0.2*E7+0.1*F7+0.15*G7+0.3*H7+0.25*I7) -> 0.80845726 | M7: =_xlfn.SINGLE(_xlfn.RANK.EQ(J7,$J$4:$J$12,0)) -> 7 | N7: =_xlfn.SINGLE(_xlfn.RANK.EQ(L7,$L$4:$L$12,0)) -> 3 | O7: SHORT / STIFF CONTROL | P7: Use as the durability and strong-activation control.
A8: =Derived_Metrics!A8 -> 5 | B8: =Derived_Metrics!B8 -> 1.75 | C8: =Derived_Metrics!C8 -> 3.5 | D8: =Derived_Metrics!D8 -> Solved | E8: =IF(Derived_Metrics!V8=0,0,0.45*(IF(Derived_Metrics!T8<=Inputs_Theory!$L$4,0,IF(Derived_Metrics!T8<Inputs_Theory!$L$5,(Derived_Metrics!T8-Inputs_Theory!$L$4)/(Inputs_Theory!$L$5-Inputs_Theory!$L$4),IF(Derived_Metrics!T8<=Inputs_Theory!$L$6,1,IF(Derived_Metrics!T8<Inputs_Theory!$L$7,(Inputs_Theory!$L$7-Derived_Metrics!T8)/(Inputs_Theory!$L$7-Inputs_Theory!$L$6),0)))))+0.35*(IF(Derived_Metrics!U8<=Inputs_Theory!$L$8,0,IF(Derived_Metrics!U8<Inputs_Theory!$L$9,(Derived_Metrics!U8-Inputs_Theory!$L$8)/(Inputs_Theory!$L$9-Inputs_Theory!$L$8),IF(Derived_Metrics!U8<=Inputs_Theory!$L$10,1,IF(Derived_Metrics!U8<Inputs_Theory!$L$11,(Inputs_Theory!$L$11-Derived_Metrics!U8)/(Inputs_Theory!$L$11-Inputs_Theory!$L$10),0)))))+0.2*(MAX(0,MIN(1,(Derived_Metrics!L8-Inputs_Theory!$L$12)/(Inputs_Theory!$L$13-Inputs_Theory!$L$12))))) -> 0.90994271 | F8: =IF(Derived_Metrics!V8=0,0,IF(Derived_Metrics!F8<=Inputs_Theory!$L$14,0,IF(Derived_Metrics!F8<Inputs_Theory!$L$15,(Derived_Metrics!F8-Inputs_Theory!$L$14)/(Inputs_Theory!$L$15-Inputs_Theory!$L$14),IF(Derived_Metrics!F8<=Inputs_Theory!$L$16,1,IF(Derived_Metrics!F8<Inputs_Theory!$L$17,(Inputs_Theory!$L$17-Derived_Metrics!F8)/(Inputs_Theory!$L$17-Inputs_Theory!$L$16),0))))) -> 1 | G8: =IF(Derived_Metrics!V8=0,0,0.5*(MAX(0,MIN(1,(Derived_Metrics!I8-Inputs_Theory!$L$18)/(Inputs_Theory!$L$19-Inputs_Theory!$L$18))))+0.5*(MAX(0,MIN(1,(Inputs_Theory!$L$21-Derived_Metrics!H8)/(Inputs_Theory!$L$21-Inputs_Theory!$L$20))))) -> 0.81537554 | H8: =IF(Derived_Metrics!V8=0,0,0.35*Derived_Metrics!V8+0.25*MIN(1,Derived_Metrics!P8/Derived_Metrics!$P$8)+0.25*(MAX(0,MIN(1,(Inputs_Theory!$L$23-Derived_Metrics!T8)/(Inputs_Theory!$L$23-Inputs_Theory!$L$22))))+0.15*(MAX(0,MIN(1,(Inputs_Theory!$L$25-Derived_Metrics!Q8)/(Inputs_Theory!$L$25-Inputs_Theory!$L$24))))) -> 1 | I8: =IF(Derived_Metrics!V8=0,0,0.5*(IF(Derived_Metrics!S8<=Inputs_Theory!$L$26,0,IF(Derived_Metrics!S8<Inputs_Theory!$L$27,(Derived_Metrics!S8-Inputs_Theory!$L$26)/(Inputs_Theory!$L$27-Inputs_Theory!$L$26),IF(Derived_Metrics!S8<=Inputs_Theory!$L$28,1,IF(Derived_Metrics!S8<Inputs_Theory!$L$29,(Inputs_Theory!$L$29-Derived_Metrics!S8)/(Inputs_Theory!$L$29-Inputs_Theory!$L$28),0)))))+0.3*(IF(B8=0.875,0.6,IF(B8=1.75,1,0.8)))+0.2*(MAX(0,MIN(1,(Derived_Metrics!R8-Inputs_Theory!$L$30)/(Inputs_Theory!$L$31-Inputs_Theory!$L$30))))) -> 1 | J8: =IF(Derived_Metrics!V8=0,0,0.3*E8+0.2*F8+0.2*G8+0.15*H8+0.15*I8) -> 0.93605792 | K8: =IF(Derived_Metrics!V8=0,0,0.4*E8+0.25*F8+0.2*G8+0.05*H8+0.1*I8) -> 0.92705219 | L8: =IF(Derived_Metrics!V8=0,0,0.2*E8+0.1*F8+0.15*G8+0.3*H8+0.25*I8) -> 0.95429487 | M8: =_xlfn.SINGLE(_xlfn.RANK.EQ(J8,$J$4:$J$12,0)) -> 2 | N8: =_xlfn.SINGLE(_xlfn.RANK.EQ(L8,$L$4:$L$12,0)) -> 1 | O8: PRIMARY CHALLENGER | P8: Best durability-oriented preferred-wall design; fabricate alongside Run 6.
A9: =Derived_Metrics!A9 -> 6 | B9: =Derived_Metrics!B9 -> 1.75 | C9: =Derived_Metrics!C9 -> 5.25 | D9: =Derived_Metrics!D9 -> Solved | E9: =IF(Derived_Metrics!V9=0,0,0.45*(IF(Derived_Metrics!T9<=Inputs_Theory!$L$4,0,IF(Derived_Metrics!T9<Inputs_Theory!$L$5,(Derived_Metrics!T9-Inputs_Theory!$L$4)/(Inputs_Theory!$L$5-Inputs_Theory!$L$4),IF(Derived_Metrics!T9<=Inputs_Theory!$L$6,1,IF(Derived_Metrics!T9<Inputs_Theory!$L$7,(Inputs_Theory!$L$7-Derived_Metrics!T9)/(Inputs_Theory!$L$7-Inputs_Theory!$L$6),0)))))+0.35*(IF(Derived_Metrics!U9<=Inputs_Theory!$L$8,0,IF(Derived_Metrics!U9<Inputs_Theory!$L$9,(Derived_Metrics!U9-Inputs_Theory!$L$8)/(Inputs_Theory!$L$9-Inputs_Theory!$L$8),IF(Derived_Metrics!U9<=Inputs_Theory!$L$10,1,IF(Derived_Metrics!U9<Inputs_Theory!$L$11,(Inputs_Theory!$L$11-Derived_Metrics!U9)/(Inputs_Theory!$L$11-Inputs_Theory!$L$10),0)))))+0.2*(MAX(0,MIN(1,(Derived_Metrics!L9-Inputs_Theory!$L$12)/(Inputs_Theory!$L$13-Inputs_Theory!$L$12))))) -> 1 | F9: =IF(Derived_Metrics!V9=0,0,IF(Derived_Metrics!F9<=Inputs_Theory!$L$14,0,IF(Derived_Metrics!F9<Inputs_Theory!$L$15,(Derived_Metrics!F9-Inputs_Theory!$L$14)/(Inputs_Theory!$L$15-Inputs_Theory!$L$14),IF(Derived_Metrics!F9<=Inputs_Theory!$L$16,1,IF(Derived_Metrics!F9<Inputs_Theory!$L$17,(Inputs_Theory!$L$17-Derived_Metrics!F9)/(Inputs_Theory!$L$17-Inputs_Theory!$L$16),0))))) -> 1 | G9: =IF(Derived_Metrics!V9=0,0,0.5*(MAX(0,MIN(1,(Derived_Metrics!I9-Inputs_Theory!$L$18)/(Inputs_Theory!$L$19-Inputs_Theory!$L$18))))+0.5*(MAX(0,MIN(1,(Inputs_Theory!$L$21-Derived_Metrics!H9)/(Inputs_Theory!$L$21-Inputs_Theory!$L$20))))) -> 0.94222857 | H9: =IF(Derived_Metrics!V9=0,0,0.35*Derived_Metrics!V9+0.25*MIN(1,Derived_Metrics!P9/Derived_Metrics!$P$8)+0.25*(MAX(0,MIN(1,(Inputs_Theory!$L$23-Derived_Metrics!T9)/(Inputs_Theory!$L$23-Inputs_Theory!$L$22))))+0.15*(MAX(0,MIN(1,(Inputs_Theory!$L$25-Derived_Metrics!Q9)/(Inputs_Theory!$L$25-Inputs_Theory!$L$24))))) -> 0.82407407 | I9: =IF(Derived_Metrics!V9=0,0,0.5*(IF(Derived_Metrics!S9<=Inputs_Theory!$L$26,0,IF(Derived_Metrics!S9<Inputs_Theory!$L$27,(Derived_Metrics!S9-Inputs_Theory!$L$26)/(Inputs_Theory!$L$27-Inputs_Theory!$L$26),IF(Derived_Metrics!S9<=Inputs_Theory!$L$28,1,IF(Derived_Metrics!S9<Inputs_Theory!$L$29,(Inputs_Theory!$L$29-Derived_Metrics!S9)/(Inputs_Theory!$L$29-Inputs_Theory!$L$28),0)))))+0.3*(IF(B9=0.875,0.6,IF(B9=1.75,1,0.8)))+0.2*(MAX(0,MIN(1,(Derived_Metrics!R9-Inputs_Theory!$L$30)/(Inputs_Theory!$L$31-Inputs_Theory!$L$30))))) -> 1 | J9: =IF(Derived_Metrics!V9=0,0,0.3*E9+0.2*F9+0.2*G9+0.15*H9+0.15*I9) -> 0.96205683 | K9: =IF(Derived_Metrics!V9=0,0,0.4*E9+0.25*F9+0.2*G9+0.05*H9+0.1*I9) -> 0.97964942 | L9: =IF(Derived_Metrics!V9=0,0,0.2*E9+0.1*F9+0.15*G9+0.3*H9+0.25*I9) -> 0.93855651 | M9: =_xlfn.SINGLE(_xlfn.RANK.EQ(J9,$J$4:$J$12,0)) -> 1 | N9: =_xlfn.SINGLE(_xlfn.RANK.EQ(L9,$L$4:$L$12,0)) -> 2 | O9: PRIMARY SELECTION | P9: Best balanced and sensitivity-oriented preferred-wall design.
A10: =Derived_Metrics!A10 -> 7 | B10: =Derived_Metrics!B10 -> 2.625 | C10: =Derived_Metrics!C10 -> 1.75 | D10: =Derived_Metrics!D10 -> Failed | E10: =IF(Derived_Metrics!V10=0,0,0.45*(IF(Derived_Metrics!T10<=Inputs_Theory!$L$4,0,IF(Derived_Metrics!T10<Inputs_Theory!$L$5,(Derived_Metrics!T10-Inputs_Theory!$L$4)/(Inputs_Theory!$L$5-Inputs_Theory!$L$4),IF(Derived_Metrics!T10<=Inputs_Theory!$L$6,1,IF(Derived_Metrics!T10<Inputs_Theory!$L$7,(Inputs_Theory!$L$7-Derived_Metrics!T10)/(Inputs_Theory!$L$7-Inputs_Theory!$L$6),0)))))+0.35*(IF(Derived_Metrics!U10<=Inputs_Theory!$L$8,0,IF(Derived_Metrics!U10<Inputs_Theory!$L$9,(Derived_Metrics!U10-Inputs_Theory!$L$8)/(Inputs_Theory!$L$9-Inputs_Theory!$L$8),IF(Derived_Metrics!U10<=Inputs_Theory!$L$10,1,IF(Derived_Metrics!U10<Inputs_Theory!$L$11,(Inputs_Theory!$L$11-Derived_Metrics!U10)/(Inputs_Theory!$L$11-Inputs_Theory!$L$10),0)))))+0.2*(MAX(0,MIN(1,(Derived_Metrics!L10-Inputs_Theory!$L$12)/(Inputs_Theory!$L$13-Inputs_Theory!$L$12))))) -> 0 | F10: =IF(Derived_Metrics!V10=0,0,IF(Derived_Metrics!F10<=Inputs_Theory!$L$14,0,IF(Derived_Metrics!F10<Inputs_Theory!$L$15,(Derived_Metrics!F10-Inputs_Theory!$L$14)/(Inputs_Theory!$L$15-Inputs_Theory!$L$14),IF(Derived_Metrics!F10<=Inputs_Theory!$L$16,1,IF(Derived_Metrics!F10<Inputs_Theory!$L$17,(Inputs_Theory!$L$17-Derived_Metrics!F10)/(Inputs_Theory!$L$17-Inputs_Theory!$L$16),0))))) -> 0 | G10: =IF(Derived_Metrics!V10=0,0,0.5*(MAX(0,MIN(1,(Derived_Metrics!I10-Inputs_Theory!$L$18)/(Inputs_Theory!$L$19-Inputs_Theory!$L$18))))+0.5*(MAX(0,MIN(1,(Inputs_Theory!$L$21-Derived_Metrics!H10)/(Inputs_Theory!$L$21-Inputs_Theory!$L$20))))) -> 0 | H10: =IF(Derived_Metrics!V10=0,0,0.35*Derived_Metrics!V10+0.25*MIN(1,Derived_Metrics!P10/Derived_Metrics!$P$8)+0.25*(MAX(0,MIN(1,(Inputs_Theory!$L$23-Derived_Metrics!T10)/(Inputs_Theory!$L$23-Inputs_Theory!$L$22))))+0.15*(MAX(0,MIN(1,(Inputs_Theory!$L$25-Derived_Metrics!Q10)/(Inputs_Theory!$L$25-Inputs_Theory!$L$24))))) -> 0 | I10: =IF(Derived_Metrics!V10=0,0,0.5*(IF(Derived_Metrics!S10<=Inputs_Theory!$L$26,0,IF(Derived_Metrics!S10<Inputs_Theory!$L$27,(Derived_Metrics!S10-Inputs_Theory!$L$26)/(Inputs_Theory!$L$27-Inputs_Theory!$L$26),IF(Derived_Metrics!S10<=Inputs_Theory!$L$28,1,IF(Derived_Metrics!S10<Inputs_Theory!$L$29,(Inputs_Theory!$L$29-Derived_Metrics!S10)/(Inputs_Theory!$L$29-Inputs_Theory!$L$28),0)))))+0.3*(IF(B10=0.875,0.6,IF(B10=1.75,1,0.8)))+0.2*(MAX(0,MIN(1,(Derived_Metrics!R10-Inputs_Theory!$L$30)/(Inputs_Theory!$L$31-Inputs_Theory!$L$30))))) -> 0 | J10: =IF(Derived_Metrics!V10=0,0,0.3*E10+0.2*F10+0.2*G10+0.15*H10+0.15*I10) -> 0 | K10: =IF(Derived_Metrics!V10=0,0,0.4*E10+0.25*F10+0.2*G10+0.05*H10+0.1*I10) -> 0 | L10: =IF(Derived_Metrics!V10=0,0,0.2*E10+0.1*F10+0.15*G10+0.3*H10+0.25*I10) -> 0 | M10: =_xlfn.SINGLE(_xlfn.RANK.EQ(J10,$J$4:$J$12,0)) -> 9 | N10: =_xlfn.SINGLE(_xlfn.RANK.EQ(L10,$L$4:$L$12,0)) -> 9 | O10: FAIL — TARGET DISPLACEMENT | P10: Reject from the primary design set; retain failed solution only as diagnostic evidence.
A11: =Derived_Metrics!A11 -> 8 | B11: =Derived_Metrics!B11 -> 2.625 | C11: =Derived_Metrics!C11 -> 3.5 | D11: =Derived_Metrics!D11 -> Solved | E11: =IF(Derived_Metrics!V11=0,0,0.45*(IF(Derived_Metrics!T11<=Inputs_Theory!$L$4,0,IF(Derived_Metrics!T11<Inputs_Theory!$L$5,(Derived_Metrics!T11-Inputs_Theory!$L$4)/(Inputs_Theory!$L$5-Inputs_Theory!$L$4),IF(Derived_Metrics!T11<=Inputs_Theory!$L$6,1,IF(Derived_Metrics!T11<Inputs_Theory!$L$7,(Inputs_Theory!$L$7-Derived_Metrics!T11)/(Inputs_Theory!$L$7-Inputs_Theory!$L$6),0)))))+0.35*(IF(Derived_Metrics!U11<=Inputs_Theory!$L$8,0,IF(Derived_Metrics!U11<Inputs_Theory!$L$9,(Derived_Metrics!U11-Inputs_Theory!$L$8)/(Inputs_Theory!$L$9-Inputs_Theory!$L$8),IF(Derived_Metrics!U11<=Inputs_Theory!$L$10,1,IF(Derived_Metrics!U11<Inputs_Theory!$L$11,(Inputs_Theory!$L$11-Derived_Metrics!U11)/(Inputs_Theory!$L$11-Inputs_Theory!$L$10),0)))))+0.2*(MAX(0,MIN(1,(Derived_Metrics!L11-Inputs_Theory!$L$12)/(Inputs_Theory!$L$13-Inputs_Theory!$L$12))))) -> 0.94849495 | F11: =IF(Derived_Metrics!V11=0,0,IF(Derived_Metrics!F11<=Inputs_Theory!$L$14,0,IF(Derived_Metrics!F11<Inputs_Theory!$L$15,(Derived_Metrics!F11-Inputs_Theory!$L$14)/(Inputs_Theory!$L$15-Inputs_Theory!$L$14),IF(Derived_Metrics!F11<=Inputs_Theory!$L$16,1,IF(Derived_Metrics!F11<Inputs_Theory!$L$17,(Inputs_Theory!$L$17-Derived_Metrics!F11)/(Inputs_Theory!$L$17-Inputs_Theory!$L$16),0))))) -> 0.79705143 | G11: =IF(Derived_Metrics!V11=0,0,0.5*(MAX(0,MIN(1,(Derived_Metrics!I11-Inputs_Theory!$L$18)/(Inputs_Theory!$L$19-Inputs_Theory!$L$18))))+0.5*(MAX(0,MIN(1,(Inputs_Theory!$L$21-Derived_Metrics!H11)/(Inputs_Theory!$L$21-Inputs_Theory!$L$20))))) -> 0.7680185 | H11: =IF(Derived_Metrics!V11=0,0,0.35*Derived_Metrics!V11+0.25*MIN(1,Derived_Metrics!P11/Derived_Metrics!$P$8)+0.25*(MAX(0,MIN(1,(Inputs_Theory!$L$23-Derived_Metrics!T11)/(Inputs_Theory!$L$23-Inputs_Theory!$L$22))))+0.15*(MAX(0,MIN(1,(Inputs_Theory!$L$25-Derived_Metrics!Q11)/(Inputs_Theory!$L$25-Inputs_Theory!$L$24))))) -> 1 | I11: =IF(Derived_Metrics!V11=0,0,0.5*(IF(Derived_Metrics!S11<=Inputs_Theory!$L$26,0,IF(Derived_Metrics!S11<Inputs_Theory!$L$27,(Derived_Metrics!S11-Inputs_Theory!$L$26)/(Inputs_Theory!$L$27-Inputs_Theory!$L$26),IF(Derived_Metrics!S11<=Inputs_Theory!$L$28,1,IF(Derived_Metrics!S11<Inputs_Theory!$L$29,(Inputs_Theory!$L$29-Derived_Metrics!S11)/(Inputs_Theory!$L$29-Inputs_Theory!$L$28),0)))))+0.3*(IF(B11=0.875,0.6,IF(B11=1.75,1,0.8)))+0.2*(MAX(0,MIN(1,(Derived_Metrics!R11-Inputs_Theory!$L$30)/(Inputs_Theory!$L$31-Inputs_Theory!$L$30))))) -> 0.34807692 | J11: =IF(Derived_Metrics!V11=0,0,0.3*E11+0.2*F11+0.2*G11+0.15*H11+0.15*I11) -> 0.79977401 | K11: =IF(Derived_Metrics!V11=0,0,0.4*E11+0.25*F11+0.2*G11+0.05*H11+0.1*I11) -> 0.81707223 | L11: =IF(Derived_Metrics!V11=0,0,0.2*E11+0.1*F11+0.15*G11+0.3*H11+0.25*I11) -> 0.77162614 | M11: =_xlfn.SINGLE(_xlfn.RANK.EQ(J11,$J$4:$J$12,0)) -> 5 | N11: =_xlfn.SINGLE(_xlfn.RANK.EQ(L11,$L$4:$L$12,0)) -> 6 | O11: NEAR-SOLID CONTROL | P11: Strong response, but only 6.25% cavity area; use as a thick-wall control.
A12: =Derived_Metrics!A12 -> 9 | B12: =Derived_Metrics!B12 -> 2.625 | C12: =Derived_Metrics!C12 -> 5.25 | D12: =Derived_Metrics!D12 -> Solved | E12: =IF(Derived_Metrics!V12=0,0,0.45*(IF(Derived_Metrics!T12<=Inputs_Theory!$L$4,0,IF(Derived_Metrics!T12<Inputs_Theory!$L$5,(Derived_Metrics!T12-Inputs_Theory!$L$4)/(Inputs_Theory!$L$5-Inputs_Theory!$L$4),IF(Derived_Metrics!T12<=Inputs_Theory!$L$6,1,IF(Derived_Metrics!T12<Inputs_Theory!$L$7,(Inputs_Theory!$L$7-Derived_Metrics!T12)/(Inputs_Theory!$L$7-Inputs_Theory!$L$6),0)))))+0.35*(IF(Derived_Metrics!U12<=Inputs_Theory!$L$8,0,IF(Derived_Metrics!U12<Inputs_Theory!$L$9,(Derived_Metrics!U12-Inputs_Theory!$L$8)/(Inputs_Theory!$L$9-Inputs_Theory!$L$8),IF(Derived_Metrics!U12<=Inputs_Theory!$L$10,1,IF(Derived_Metrics!U12<Inputs_Theory!$L$11,(Inputs_Theory!$L$11-Derived_Metrics!U12)/(Inputs_Theory!$L$11-Inputs_Theory!$L$10),0)))))+0.2*(MAX(0,MIN(1,(Derived_Metrics!L12-Inputs_Theory!$L$12)/(Inputs_Theory!$L$13-Inputs_Theory!$L$12))))) -> 0.98110311 | F12: =IF(Derived_Metrics!V12=0,0,IF(Derived_Metrics!F12<=Inputs_Theory!$L$14,0,IF(Derived_Metrics!F12<Inputs_Theory!$L$15,(Derived_Metrics!F12-Inputs_Theory!$L$14)/(Inputs_Theory!$L$15-Inputs_Theory!$L$14),IF(Derived_Metrics!F12<=Inputs_Theory!$L$16,1,IF(Derived_Metrics!F12<Inputs_Theory!$L$17,(Inputs_Theory!$L$17-Derived_Metrics!F12)/(Inputs_Theory!$L$17-Inputs_Theory!$L$16),0))))) -> 1 | G12: =IF(Derived_Metrics!V12=0,0,0.5*(MAX(0,MIN(1,(Derived_Metrics!I12-Inputs_Theory!$L$18)/(Inputs_Theory!$L$19-Inputs_Theory!$L$18))))+0.5*(MAX(0,MIN(1,(Inputs_Theory!$L$21-Derived_Metrics!H12)/(Inputs_Theory!$L$21-Inputs_Theory!$L$20))))) -> 0.95673326 | H12: =IF(Derived_Metrics!V12=0,0,0.35*Derived_Metrics!V12+0.25*MIN(1,Derived_Metrics!P12/Derived_Metrics!$P$8)+0.25*(MAX(0,MIN(1,(Inputs_Theory!$L$23-Derived_Metrics!T12)/(Inputs_Theory!$L$23-Inputs_Theory!$L$22))))+0.15*(MAX(0,MIN(1,(Inputs_Theory!$L$25-Derived_Metrics!Q12)/(Inputs_Theory!$L$25-Inputs_Theory!$L$24))))) -> 0.8287037 | I12: =IF(Derived_Metrics!V12=0,0,0.5*(IF(Derived_Metrics!S12<=Inputs_Theory!$L$26,0,IF(Derived_Metrics!S12<Inputs_Theory!$L$27,(Derived_Metrics!S12-Inputs_Theory!$L$26)/(Inputs_Theory!$L$27-Inputs_Theory!$L$26),IF(Derived_Metrics!S12<=Inputs_Theory!$L$28,1,IF(Derived_Metrics!S12<Inputs_Theory!$L$29,(Inputs_Theory!$L$29-Derived_Metrics!S12)/(Inputs_Theory!$L$29-Inputs_Theory!$L$28),0)))))+0.3*(IF(B12=0.875,0.6,IF(B12=1.75,1,0.8)))+0.2*(MAX(0,MIN(1,(Derived_Metrics!R12-Inputs_Theory!$L$30)/(Inputs_Theory!$L$31-Inputs_Theory!$L$30))))) -> 0.34807692 | J12: =IF(Derived_Metrics!V12=0,0,0.3*E12+0.2*F12+0.2*G12+0.15*H12+0.15*I12) -> 0.86219468 | K12: =IF(Derived_Metrics!V12=0,0,0.4*E12+0.25*F12+0.2*G12+0.05*H12+0.1*I12) -> 0.91003077 | L12: =IF(Derived_Metrics!V12=0,0,0.2*E12+0.1*F12+0.15*G12+0.3*H12+0.25*I12) -> 0.77536095 | M12: =_xlfn.SINGLE(_xlfn.RANK.EQ(J12,$J$4:$J$12,0)) -> 3 | N12: =_xlfn.SINGLE(_xlfn.RANK.EQ(L12,$L$4:$L$12,0)) -> 5 | O12: NEAR-SOLID TALL CONTROL | P12: Useful to test whether the hollow mechanism adds value.

Sheet Factor_Effects
A1: Main Effects of Wall Thickness and Rod Height
A3: Factor | B3: Level (mm) | C3: Solved count | D3: Failed count | E3: Mean |Fz| (N) | F3: Mean secant k | G3: Mean eq. strain max | H3: Mean energy (mJ) | I3: Mean lateral ratio | J3: Mean localization | K3: Mean balanced score
A4: Wall thickness | B4: 0.875 | C4: =COUNTIFS(Derived_Metrics!$B$4:$B$12,B4,Derived_Metrics!$D$4:$D$12,"Solved") -> 3 | D4: =COUNTIFS(Derived_Metrics!$B$4:$B$12,B4,Derived_Metrics!$D$4:$D$12,"Failed") -> 0 | E4: =IF(C4=0,0,SUMIFS(Derived_Metrics!$E$4:$E$12,Derived_Metrics!$B$4:$B$12,B4,Derived_Metrics!$D$4:$D$12,"Solved")/C4) -> 0.27656333 | F4: =IF(C4=0,0,SUMIFS(Derived_Metrics!$F$4:$F$12,Derived_Metrics!$B$4:$B$12,B4,Derived_Metrics!$D$4:$D$12,"Solved")/C4) -> 0.22125067 | G4: =IF(C4=0,0,SUMIFS(Derived_Metrics!$T$4:$T$12,Derived_Metrics!$B$4:$B$12,B4,Derived_Metrics!$D$4:$D$12,"Solved")/C4) -> 0.37853 | H4: =IF(C4=0,0,SUMIFS(Derived_Metrics!$U$4:$U$12,Derived_Metrics!$B$4:$B$12,B4,Derived_Metrics!$D$4:$D$12,"Solved")/C4) -> 0.14938667 | I4: =IF(C4=0,0,SUMIFS(Derived_Metrics!$H$4:$H$12,Derived_Metrics!$B$4:$B$12,B4,Derived_Metrics!$D$4:$D$12,"Solved")/C4) -> 0.2423774 | J4: =IF(C4=0,0,SUMIFS(Derived_Metrics!$I$4:$I$12,Derived_Metrics!$B$4:$B$12,B4,Derived_Metrics!$D$4:$D$12,"Solved")/C4) -> 4.7139163 | K4: =IF(C4=0,0,SUMIFS(Combined_Ranking!$J$4:$J$12,Combined_Ranking!$B$4:$B$12,B4,Combined_Ranking!$D$4:$D$12,"Solved")/C4) -> 0.73989395
A5: Wall thickness | B5: 1.75 | C5: =COUNTIFS(Derived_Metrics!$B$4:$B$12,B5,Derived_Metrics!$D$4:$D$12,"Solved") -> 3 | D5: =COUNTIFS(Derived_Metrics!$B$4:$B$12,B5,Derived_Metrics!$D$4:$D$12,"Failed") -> 0 | E5: =IF(C5=0,0,SUMIFS(Derived_Metrics!$E$4:$E$12,Derived_Metrics!$B$4:$B$12,B5,Derived_Metrics!$D$4:$D$12,"Solved")/C5) -> 0.69457 | F5: =IF(C5=0,0,SUMIFS(Derived_Metrics!$F$4:$F$12,Derived_Metrics!$B$4:$B$12,B5,Derived_Metrics!$D$4:$D$12,"Solved")/C5) -> 0.555656 | G5: =IF(C5=0,0,SUMIFS(Derived_Metrics!$T$4:$T$12,Derived_Metrics!$B$4:$B$12,B5,Derived_Metrics!$D$4:$D$12,"Solved")/C5) -> 0.44881 | H5: =IF(C5=0,0,SUMIFS(Derived_Metrics!$U$4:$U$12,Derived_Metrics!$B$4:$B$12,B5,Derived_Metrics!$D$4:$D$12,"Solved")/C5) -> 0.36127 | I5: =IF(C5=0,0,SUMIFS(Derived_Metrics!$H$4:$H$12,Derived_Metrics!$B$4:$B$12,B5,Derived_Metrics!$D$4:$D$12,"Solved")/C5) -> 0.29921638 | J5: =IF(C5=0,0,SUMIFS(Derived_Metrics!$I$4:$I$12,Derived_Metrics!$B$4:$B$12,B5,Derived_Metrics!$D$4:$D$12,"Solved")/C5) -> 8.741005 | K5: =IF(C5=0,0,SUMIFS(Combined_Ranking!$J$4:$J$12,Combined_Ranking!$B$4:$B$12,B5,Combined_Ranking!$D$4:$D$12,"Solved")/C5) -> 0.86356491
A6: Wall thickness | B6: 2.625 | C6: =COUNTIFS(Derived_Metrics!$B$4:$B$12,B6,Derived_Metrics!$D$4:$D$12,"Solved") -> 2 | D6: =COUNTIFS(Derived_Metrics!$B$4:$B$12,B6,Derived_Metrics!$D$4:$D$12,"Failed") -> 1 | E6: =IF(C6=0,0,SUMIFS(Derived_Metrics!$E$4:$E$12,Derived_Metrics!$B$4:$B$12,B6,Derived_Metrics!$D$4:$D$12,"Solved")/C6) -> 0.692095 | F6: =IF(C6=0,0,SUMIFS(Derived_Metrics!$F$4:$F$12,Derived_Metrics!$B$4:$B$12,B6,Derived_Metrics!$D$4:$D$12,"Solved")/C6) -> 0.553676 | G6: =IF(C6=0,0,SUMIFS(Derived_Metrics!$T$4:$T$12,Derived_Metrics!$B$4:$B$12,B6,Derived_Metrics!$D$4:$D$12,"Solved")/C6) -> 0.49283 | H6: =IF(C6=0,0,SUMIFS(Derived_Metrics!$U$4:$U$12,Derived_Metrics!$B$4:$B$12,B6,Derived_Metrics!$D$4:$D$12,"Solved")/C6) -> 0.359245 | I6: =IF(C6=0,0,SUMIFS(Derived_Metrics!$H$4:$H$12,Derived_Metrics!$B$4:$B$12,B6,Derived_Metrics!$D$4:$D$12,"Solved")/C6) -> 0.24809045 | J6: =IF(C6=0,0,SUMIFS(Derived_Metrics!$I$4:$I$12,Derived_Metrics!$B$4:$B$12,B6,Derived_Metrics!$D$4:$D$12,"Solved")/C6) -> 7.2791947 | K6: =IF(C6=0,0,SUMIFS(Combined_Ranking!$J$4:$J$12,Combined_Ranking!$B$4:$B$12,B6,Combined_Ranking!$D$4:$D$12,"Solved")/C6) -> 0.83098434
A7: Rod height | B7: 1.75 | C7: =COUNTIFS(Derived_Metrics!$C$4:$C$12,B7,Derived_Metrics!$D$4:$D$12,"Solved") -> 2 | D7: =COUNTIFS(Derived_Metrics!$C$4:$C$12,B7,Derived_Metrics!$D$4:$D$12,"Failed") -> 1 | E7: =IF(C7=0,0,SUMIFS(Derived_Metrics!$E$4:$E$12,Derived_Metrics!$C$4:$C$12,B7,Derived_Metrics!$D$4:$D$12,"Solved")/C7) -> 0.77996 | F7: =IF(C7=0,0,SUMIFS(Derived_Metrics!$F$4:$F$12,Derived_Metrics!$C$4:$C$12,B7,Derived_Metrics!$D$4:$D$12,"Solved")/C7) -> 0.623968 | G7: =IF(C7=0,0,SUMIFS(Derived_Metrics!$T$4:$T$12,Derived_Metrics!$C$4:$C$12,B7,Derived_Metrics!$D$4:$D$12,"Solved")/C7) -> 0.462875 | H7: =IF(C7=0,0,SUMIFS(Derived_Metrics!$U$4:$U$12,Derived_Metrics!$C$4:$C$12,B7,Derived_Metrics!$D$4:$D$12,"Solved")/C7) -> 0.35427 | I7: =IF(C7=0,0,SUMIFS(Derived_Metrics!$H$4:$H$12,Derived_Metrics!$C$4:$C$12,B7,Derived_Metrics!$D$4:$D$12,"Solved")/C7) -> 0.30012862 | J7: =IF(C7=0,0,SUMIFS(Derived_Metrics!$I$4:$I$12,Derived_Metrics!$C$4:$C$12,B7,Derived_Metrics!$D$4:$D$12,"Solved")/C7) -> 7.258497 | K7: =IF(C7=0,0,SUMIFS(Combined_Ranking!$J$4:$J$12,Combined_Ranking!$C$4:$C$12,B7,Combined_Ranking!$D$4:$D$12,"Solved")/C7) -> 0.75613502
A8: Rod height | B8: 3.5 | C8: =COUNTIFS(Derived_Metrics!$C$4:$C$12,B8,Derived_Metrics!$D$4:$D$12,"Solved") -> 3 | D8: =COUNTIFS(Derived_Metrics!$C$4:$C$12,B8,Derived_Metrics!$D$4:$D$12,"Failed") -> 0 | E8: =IF(C8=0,0,SUMIFS(Derived_Metrics!$E$4:$E$12,Derived_Metrics!$C$4:$C$12,B8,Derived_Metrics!$D$4:$D$12,"Solved")/C8) -> 0.52855667 | F8: =IF(C8=0,0,SUMIFS(Derived_Metrics!$F$4:$F$12,Derived_Metrics!$C$4:$C$12,B8,Derived_Metrics!$D$4:$D$12,"Solved")/C8) -> 0.42284533 | G8: =IF(C8=0,0,SUMIFS(Derived_Metrics!$T$4:$T$12,Derived_Metrics!$C$4:$C$12,B8,Derived_Metrics!$D$4:$D$12,"Solved")/C8) -> 0.44212333 | H8: =IF(C8=0,0,SUMIFS(Derived_Metrics!$U$4:$U$12,Derived_Metrics!$C$4:$C$12,B8,Derived_Metrics!$D$4:$D$12,"Solved")/C8) -> 0.28204333 | I8: =IF(C8=0,0,SUMIFS(Derived_Metrics!$H$4:$H$12,Derived_Metrics!$C$4:$C$12,B8,Derived_Metrics!$D$4:$D$12,"Solved")/C8) -> 0.26481464 | J8: =IF(C8=0,0,SUMIFS(Derived_Metrics!$I$4:$I$12,Derived_Metrics!$C$4:$C$12,B8,Derived_Metrics!$D$4:$D$12,"Solved")/C8) -> 5.9657583 | K8: =IF(C8=0,0,SUMIFS(Combined_Ranking!$J$4:$J$12,Combined_Ranking!$C$4:$C$12,B8,Combined_Ranking!$D$4:$D$12,"Solved")/C8) -> 0.83037686
A9: Rod height | B9: 5.25 | C9: =COUNTIFS(Derived_Metrics!$C$4:$C$12,B9,Derived_Metrics!$D$4:$D$12,"Solved") -> 3 | D9: =COUNTIFS(Derived_Metrics!$C$4:$C$12,B9,Derived_Metrics!$D$4:$D$12,"Failed") -> 0 | E9: =IF(C9=0,0,SUMIFS(Derived_Metrics!$E$4:$E$12,Derived_Metrics!$C$4:$C$12,B9,Derived_Metrics!$D$4:$D$12,"Solved")/C9) -> 0.384 | F9: =IF(C9=0,0,SUMIFS(Derived_Metrics!$F$4:$F$12,Derived_Metrics!$C$4:$C$12,B9,Derived_Metrics!$D$4:$D$12,"Solved")/C9) -> 0.3072 | G9: =IF(C9=0,0,SUMIFS(Derived_Metrics!$T$4:$T$12,Derived_Metrics!$C$4:$C$12,B9,Derived_Metrics!$D$4:$D$12,"Solved")/C9) -> 0.40518667 | H9: =IF(C9=0,0,SUMIFS(Derived_Metrics!$U$4:$U$12,Derived_Metrics!$C$4:$C$12,B9,Derived_Metrics!$D$4:$D$12,"Solved")/C9) -> 0.23193 | I9: =IF(C9=0,0,SUMIFS(Derived_Metrics!$H$4:$H$12,Derived_Metrics!$C$4:$C$12,B9,Derived_Metrics!$D$4:$D$12,"Solved")/C9) -> 0.24208703 | J9: =IF(C9=0,0,SUMIFS(Derived_Metrics!$I$4:$I$12,Derived_Metrics!$C$4:$C$12,B9,Derived_Metrics!$D$4:$D$12,"Solved")/C9) -> 7.5029615 | K9: =IF(C9=0,0,SUMIFS(Combined_Ranking!$J$4:$J$12,Combined_Ranking!$C$4:$C$12,B9,Combined_Ranking!$D$4:$D$12,"Solved")/C9) -> 0.82298155
A12: Engineering interpretation
A13: Wall thickness has the strongest mechanism effect. The 1.75 mm wall retains the preferred 25% cavity-area ratio and gives the highest mean localization and combined score. The 0.875 mm wall is compliant but over-hollowed (56.25% cavity), while the 2.625 mm wall is near-solid (6.25% cavity) and includes the only target-deformation failure. Height mainly tunes sensitivity versus durability: increasing height lowers force and secant stiffness; H = 5.25 mm favors low-force sensitivity, whereas H = 3.50 mm preserves more structural stability.

Sheet Force_Curves
A1: Reaction Force versus Imposed Displacement
A3: Run 1 δ (mm) | B3: Run 1 |Fz| (N) | C3: Run 2 δ (mm) | D3: Run 2 |Fz| (N) | E3: Run 3 δ (mm) | F3: Run 3 |Fz| (N) | G3: Run 4 δ (mm) | H3: Run 4 |Fz| (N) | I3: Run 5 δ (mm) | J3: Run 5 |Fz| (N) | K3: Run 6 δ (mm) | L3: Run 6 |Fz| (N) | M3: Run 7 δ (mm) | N3: Run 7 |Fz| (N) | O3: Run 8 δ (mm) | P3: Run 8 |Fz| (N) | Q3: Run 9 δ (mm) | R3: Run 9 |Fz| (N)
A4: 0.0625 | B4: 0.013429 | C4: 0.025 | D4: 0.0049007 | E4: 0.0625 | F4: 0.010945 | G4: 0.0625 | H4: 0.028407 | I4: 0.0625 | J4: 0.025559 | K4: 0.0625 | L4: 0.020604 | M4: 0.00375 | N4: 0.0026736 | O4: 0.0625 | P4: 0.027823 | Q4: 0.0625 | R4: 0.025557
A5: 0.125 | B5: 0.026261 | C5: 0.05 | D5: 0.0097648 | E5: 0.125 | F5: 0.021737 | G5: 0.125 | H5: 0.056784 | I5: 0.125 | J5: 0.051166 | K5: 0.125 | L5: 0.041182 | M5: 0.0075 | N5: 0.0053486 | O5: 0.125 | P5: 0.055776 | Q5: 0.125 | R5: 0.05122
A6: 0.21875 | B6: 0.04426 | C6: 0.0875 | D6: 0.016989 | E6: 0.21875 | F6: 0.037612 | G6: 0.21875 | H6: 0.098996 | I6: 0.21875 | J6: 0.089598 | K6: 0.21875 | L6: 0.071962 | M6: 0.013125 | N6: 0.0093638 | O6: 0.21875 | P6: 0.097856 | Q6: 0.21875 | R6: 0.089865
A7: 0.359375 | B7: 0.067856 | C7: 0.14375 | D7: 0.027655 | E7: 0.359375 | F7: 0.060666 | G7: 0.359375 | H7: 0.16073 | I7: 0.359375 | J7: 0.14705 | K7: 0.359375 | L7: 0.11779 | M7: 0.020625 | N7: 0.014722 | O7: 0.359375 | P7: 0.1609 | Q7: 0.359375 | R7: 0.14797
A8: 0.5703125 | B8: 0.095499 | C8: 0.20625 | D8: 0.039246 | E8: 0.5703125 | F8: 0.093024 | G8: 0.5703125 | H8: 0.26309 | I8: 0.5703125 | J8: 0.23158 | K8: 0.5703125 | L8: 0.18529 | M8: 0.028125 | N8: 0.020087 | O8: 0.5703125 | P8: 0.25476 | Q8: 0.5703125 | R8: 0.23514
A9: 0.6578125 | B9: 0.1124 | C9: 0.26875 | D9: 0.050536 | E9: 0.8203125 | F9: 0.12758 | G9: 0.78125 | H9: 0.49071 | I9: 0.8203125 | J9: 0.32635 | K9: 0.8203125 | L9: 0.26175 | M9: 0.035625 | N9: 0.025456 | O9: 0.8203125 | P9: 0.38358 | Q9: 0.8203125 | R9: 0.3364
A10: 0.7453125 | B10: 0.15198 | C10: 0.33125 | D10: 0.061499 | E10: 1.0703125 | F10: 0.15846 | G10: 0.86875 | H10: 0.60424 | I10: 1.0703125 | J10: 0.42595 | K10: 1.0703125 | L10: 0.33187 | M10: 0.043125 | N10: 0.030831 | O10: 1.0703125 | P10: 0.60393 | Q10: 1.0703125 | R10: 0.45948
A11: 0.8765625 | B11: 0.21482 | C11: 0.39375 | D11: 0.072107 | E11: 1.25 | F11: 0.18224 | G11: 0.95625 | H11: 0.7228 | I11: 1.25 | J11: 0.52946 | K11: 1.25 | L11: 0.38815 | M11: 0.050625 | N11: 0.036211 | O11: 1.25 | P11: 0.80258 | Q11: 1.25 | R11: 0.58161
A12: 1.0734375 | B12: 0.3127 | C12: 0.45625 | D12: 0.08233 | G12: 1.0875 | H12: 0.91639 | M12: 0.058125 | N12: 0.041596
A13: 1.1352375 | B13: 0.33813 | C13: 0.51875 | D13: 0.092138 | G13: 1.25 | H13: 1.1661 | M13: 0.065625 | N13: 0.046985
A14: 1.197025 | B14: 0.36823 | C14: 0.58125 | D14: 0.1015 | M14: 0.073125 | N14: 0.052379
A15: 1.25 | B15: 0.39382 | C15: 0.64375 | D15: 0.11064 | M15: 0.080625 | N15: 0.057778
C16: 0.70625 | D16: 0.1204 | M16: 0.088125 | N16: 0.063181
C17: 0.76875 | D17: 0.12996 | M17: 0.095625 | N17: 0.068589
C18: 0.83125 | D18: 0.14194 | M18: 0.103125 | N18: 0.074
C19: 0.89375 | D19: 0.156 | M19: 0.110625 | N19: 0.079416
C20: 0.95625 | D20: 0.17047 | M20: 0.118125 | N20: 0.084835
C21: 1.01875 | D21: 0.18629 | M21: 0.125625 | N21: 0.090257
C22: 1.08125 | D22: 0.20281 | M22: 0.133125 | N22: 0.095683
C23: 1.14375 | D23: 0.22066 | M23: 0.140625 | N23: 0.10111
C24: 1.20625 | D24: 0.23935 | M24: 0.148125 | N24: 0.10655
C25: 1.25 | D25: 0.25363 | M25: 0.155625 | N25: 0.11198
M26: 0.163125 | N26: 0.11742
A27: Runs 1, 5, and 8 now show immediate force engagement. Run 7 is excluded from the primary chart because its history belongs to a failed, non-finalized solve. | M27: 0.170625 | N27: 0.12286
M28: 0.178125 | N28: 0.1283
M29: 0.185625 | N29: 0.13375
M30: 0.193125 | N30: 0.1392
M31: 0.200625 | N31: 0.14464
M32: 0.208125 | N32: 0.1501
M33: 0.215625 | N33: 0.15555
M34: 0.223125 | N34: 0.161
M35: 0.230625 | N35: 0.16646
M36: 0.238125 | N36: 0.17192
M37: 0.245625 | N37: 0.17737
M38: 0.253125 | N38: 0.18283
M39: 0.260625 | N39: 0.18829
... M111: 1.25 | N111: 1.621

Sheet Run_by_Run
A1: Run-by-Run Engineering Review
A3: Run | B3: Geometry | C3: Theoretical interpretation | D3: FEA evidence | E3: Primary risk | F3: Decision class | G3: Required action | H3: Source
A4: 1 | B4: t = 0.875 mm; H = 1.750 mm | C4: 56.25% cavity-area ratio gives high compliance but leaves only a 0.875 mm wall. | D4: Updated FEA reaches 1.25 mm with 0.39382 N reaction, 0.38402 maximum equivalent strain, and 0.18595 mJ energy. | E4: Fabrication defects, wall folding, and fatigue are the main risks. | F4: THIN-WALL EXTREME | G4: Retain only as a highly hollow compliance/sensitivity control. | H4: RUN 1(1).pdf
A5: 2 | B5: t = 0.875 mm; H = 3.500 mm | C5: Same over-hollowed wall with twice the height of Run 1; theoretical axial stiffness is halved. | D5: Lowest-medium force response: 0.25363 N, with broad strain distribution and 0.14115 mJ energy. | E5: Useful thin-wall control, but not preferred for a 70 wt% filled composite. | F5: THIN-WALL EXTREME | G5: Retain as the medium-height thin-wall control. | H5: RUN 2(1).pdf
A6: 3 | B6: t = 0.875 mm; H = 5.250 mm | C6: Most slender design, H/t = 6; theoretically most compliant among the thin-wall set. | D6: Lowest solved reaction force, 0.18224 N, but only moderate localization and 0.12106 mJ energy. | E6: Highest risk of folding, ovalization, tearing, and directional instability. | F6: THIN-WALL EXTREME | G6: Retain as the tall thin-wall control; inspect folding and fatigue. | H6: RUN 3(1).pdf
A7: 4 | B7: t = 1.750 mm; H = 1.750 mm | C7: Preferred 25% cavity ratio with the shortest height; theory predicts the highest stiffness among valid hollow designs. | D7: Produces 1.1661 N reaction, 0.54173 strain, and the largest solved energy, 0.52259 mJ. | E7: Excellent control for durability/strong activation, but too stiff for the main low-force sensor. | F7: SHORT / STIFF CONTROL | G7: Use as the durability and strong-activation control. | H7: RUN 4(1).pdf
A8: 5 | B8: t = 1.750 mm; H = 3.500 mm | C8: Preferred 25% cavity ratio and medium height provide a balanced geometry. | D8: Corrected FEA gives 0.52946 N, 0.39425 strain, 0.31364 mJ, and stable immediate contact engagement. | E8: Best durability-oriented candidate; slightly less sensitive/localized than Run 6. | F8: PRIMARY CHALLENGER | G8: Best durability-oriented preferred-wall design; fabricate alongside Run 6. | H8: RUN 5(1).pdf
A9: 6 | B9: t = 1.750 mm; H = 5.250 mm | C9: Preferred wall and tallest height increase compliance while retaining a meaningful cavity. | D9: Gives 0.38815 N, 0.41045 strain, 0.24758 mJ, and the strongest strain localization among solved runs. | E9: Best main design for low-force mechanoluminescent activation, subject to mesh and material validation. | F9: PRIMARY SELECTION | G9: Best balanced and sensitivity-oriented preferred-wall design. | H9: RUN 6(1).pdf
A10: 7 | B10: t = 2.625 mm; H = 1.750 mm | C10: Near-solid, short, stocky rod theoretically has the highest stiffness and very high compression demand. | D10: The failed report's last displayed state contains 1.0378 maximum equivalent elastic strain, 0.67089 mJ total strain energy, and 1.621 N final reported reaction force. These are unconverged diagnostic outputs and are excluded from ranking. | E10: Formal failure; no extrapolation or direct ranking of its partial values. | F10: FAIL — TARGET DISPLACEMENT | G10: Reject from the primary design set; retain failed solution only as diagnostic evidence. | H10: RUN 7(1).pdf
A11: 8 | B11: t = 2.625 mm; H = 3.500 mm | C11: Near-solid 6.25% cavity ratio and medium height create a strong but weakly hollow taxel. | D11: Corrected FEA reaches 0.80258 N, 0.54173 strain, and 0.39134 mJ without the previous contact delay. | E11: Keep as a near-solid structural control, not as the preferred hollow mechanism. | F11: NEAR-SOLID CONTROL | G11: Strong response, but only 6.25% cavity area; use as a thick-wall control. | H11: RUN 8(1).pdf
A12: 9 | B12: t = 2.625 mm; H = 5.250 mm | C12: Tall near-solid design reduces stiffness relative to Run 8 but still has only a 1.75 mm inner diameter. | D12: Produces 0.58161 N, 0.44393 strain, 0.32715 mJ, and the best lateral ratio among the solved thick-wall cases. | E12: Use as a tall near-solid control for mechanism comparison. | F12: NEAR-SOLID TALL CONTROL | G12: Useful to test whether the hollow mechanism adds value. | H12: RUN 9(1).pdf

Sheet Source_Index
A1: Source Reports and Traceability
A3: Run | B3: Uploaded report | C3: Report date | D3: Key pages used | E3: Use in screening | F3: Notes
A4: 1 | B4: RUN 1(1).pdf | C4: 2026-07-22/23 | D4: Geometry/material: pp. 3–8; results: pp. 10–21 | E4: Geometry, setup audit, displacement/strain/stress/energy/force history | F4: Solved report
A5: 2 | B5: RUN 2(1).pdf | C5: 2026-07-22/23 | D5: Geometry/material: pp. 3–8; results: pp. 10–21 | E5: Geometry, setup audit, displacement/strain/stress/energy/force history | F5: Solved report
A6: 3 | B6: RUN 3(1).pdf | C6: 2026-07-22/23 | D6: Geometry/material: pp. 3–8; results: pp. 10–21 | E6: Geometry, setup audit, displacement/strain/stress/energy/force history | F6: Solved report
A7: 4 | B7: RUN 4(1).pdf | C7: 2026-07-22/23 | D7: Geometry/material: pp. 3–8; results: pp. 10–21 | E7: Geometry, setup audit, displacement/strain/stress/energy/force history | F7: Solved report
A8: 5 | B8: RUN 5(1).pdf | C8: 2026-07-22/23 | D8: Geometry/material: pp. 3–8; results: pp. 10–21 | E8: Geometry, setup audit, displacement/strain/stress/energy/force history | F8: Solved report
A9: 6 | B9: RUN 6(1).pdf | C9: 2026-07-22/23 | D9: Geometry/material: pp. 3–8; results: pp. 10–21 | E9: Geometry, setup audit, displacement/strain/stress/energy/force history | F9: Solved report
A10: 7 | B10: RUN 7(1).pdf | C10: 2026-07-22/23 | D10: Geometry/material: pp. 3–8; results: pp. 10–21 | E10: Geometry, setup audit, displacement/strain/stress/energy/force history | F10: Failed / not-finalized report; diagnostic only
A11: 8 | B11: RUN 8(1).pdf | C11: 2026-07-22/23 | D11: Geometry/material: pp. 3–8; results: pp. 10–21 | E11: Geometry, setup audit, displacement/strain/stress/energy/force history | F11: Solved report
A12: 9 | B12: RUN 9(1).pdf | C12: 2026-07-22/23 | D12: Geometry/material: pp. 3–8; results: pp. 10–21 | E12: Geometry, setup audit, displacement/strain/stress/energy/force history | F12: Solved report
A15: Traceability note
A16: All numerical FEA values in this workbook were transcribed or calculated from the nine uploaded ANSYS Mechanical reports. The theoretical results are explicitly marked as geometry/material proxies. No outside reference values were inserted into the ranking.

Sheet Calculation_Audit
A1: Independent Double-Check of Theoretical Formulas, FEA Transcription, and Ranking
A4: Audit verdict
A5: PASS WITH CORRECTIONS. All theoretical section-property formulas, material conversions, derived FEA metrics, score equations, and ranking formulas recompute correctly. Corrections were required for the CAD array spacing, five sets of omitted Fx/Fy values, and Run 7's equivalent-strain columns. These corrections do not change the screening outcome: Run 6 remains the balanced and sensitivity-first winner; Run 5 remains the durability-first winner. The weighted scores are transparent engineering screening assumptions, not experimentally calibrated physical laws.
A11: Run | B11: Metric | C11: Workbook value | D11: Independent recomputation | E11: Absolute error | F11: Relative error | G11: Status | I11: Area | J11: Run / field | K11: Previous workbook value | L11: Corrected value | M11: Source basis | N11: Effect on final ranking
A12: 1 | B12: Inner diameter Di | C12: =Theoretical_Calc!D4 -> 5.25 | D12: 5.25 | E12: =ABS(C12-D12) -> 0 | F12: =IF(ABS(D12)<0.000000000000001,E12,E12/ABS(D12)) -> 0 | G12: =IF(OR(E12<0.0000000001,F12<0.0000000001),"PASS","CHECK") -> PASS | I12: Array layout | J12: Pitch | K12: 9.25 | L12: 9 | M12: Rod centroids at -9, 0, +9 mm | N12: None; layout summary only
A13: 1 | B13: Annular area A | C13: =Theoretical_Calc!E4 -> 16.836973 | D13: 16.836973 | E13: =ABS(C13-D13) -> 0 | F13: =IF(ABS(D13)<0.000000000000001,E13,E13/ABS(D13)) -> 0 | G13: =IF(OR(E13<0.0000000001,F13<0.0000000001),"PASS","CHECK") -> PASS | I13: Array layout | J13: Inter-rod gap | K13: 2.25 | L13: 2 | M13: Pitch 9.00 mm minus diameter 7.00 mm | N13: None
A14: 1 | B14: Second moment I | C14: =Theoretical_Calc!F4 -> 80.567547 | D14: 80.567547 | E14: =ABS(C14-D14) -> 0 | F14: =IF(ABS(D14)<0.000000000000001,E14,E14/ABS(D14)) -> 0 | G14: =IF(OR(E14<0.0000000001,F14<0.0000000001),"PASS","CHECK") -> PASS | I14: Array layout | J14: Edge margin | K14: 2.25 | L14: 2.5 | M14: 15 - (9 + 3.5) mm | N14: None
A15: 1 | B15: Polar moment J | C15: =Theoretical_Calc!G4 -> 161.13509 | D15: 161.13509 | E15: =ABS(C15-D15) -> 0 | F15: =IF(ABS(D15)<0.000000000000001,E15,E15/ABS(D15)) -> 0 | G15: =IF(OR(E15<0.0000000001,F15<0.0000000001),"PASS","CHECK") -> PASS | I15: FEA raw | J15: Run 3 Fx | K15: 0 | L15: -0.00074615 | M15: Final force-reaction table | N15: None; Fx is not scored
A16: 1 | B16: Radius of gyration rg | C16: =Theoretical_Calc!H4 -> 2.1875 | D16: 2.1875 | E16: =ABS(C16-D16) -> 0 | F16: =IF(ABS(D16)<0.000000000000001,E16,E16/ABS(D16)) -> 0 | G16: =IF(OR(E16<0.0000000001,F16<0.0000000001),"PASS","CHECK") -> PASS | I16: FEA raw | J16: Run 3 Fy | K16: 0 | L16: 0.00019182 | M16: Final force-reaction table | N16: None
A17: 1 | B17: Hollow-area ratio | C17: =Theoretical_Calc!I4 -> 0.5625 | D17: 0.5625 | E17: =ABS(C17-D17) -> 0 | F17: =IF(ABS(D17)<0.000000000000001,E17,E17/ABS(D17)) -> 0 | G17: =IF(OR(E17<0.0000000001,F17<0.0000000001),"PASS","CHECK") -> PASS | I17: FEA raw | J17: Run 4 Fx | K17: 0 | L17: -0.0074968 | M17: Final force-reaction table | N17: None
A18: 1 | B18: H/t | C18: =Theoretical_Calc!J4 -> 2 | D18: 2 | E18: =ABS(C18-D18) -> 0 | F18: =IF(ABS(D18)<0.000000000000001,E18,E18/ABS(D18)) -> 0 | G18: =IF(OR(E18<0.0000000001,F18<0.0000000001),"PASS","CHECK") -> PASS | I18: FEA raw | J18: Run 4 Fy | K18: 0 | L18: 1.8146e-05 | M18: Final force-reaction table | N18: None
A19: 1 | B19: H/rg | C19: =Theoretical_Calc!K4 -> 0.8 | D19: 0.8 | E19: =ABS(C19-D19) -> 0 | F19: =IF(ABS(D19)<0.000000000000001,E19,E19/ABS(D19)) -> 0 | G19: =IF(OR(E19<0.0000000001,F19<0.0000000001),"PASS","CHECK") -> PASS | I19: FEA raw | J19: Run 6 Fx | K19: 0 | L19: -0.00054565 | M19: Final force-reaction table | N19: None
A20: 1 | B20: Nominal δ/H | C20: =Theoretical_Calc!L4 -> 0.71428571 | D20: 0.71428571 | E20: =ABS(C20-D20) -> 0 | F20: =IF(ABS(D20)<0.000000000000001,E20,E20/ABS(D20)) -> 0 | G20: =IF(OR(E20<0.0000000001,F20<0.0000000001),"PASS","CHECK") -> PASS | I20: FEA raw | J20: Run 6 Fy | K20: 0 | L20: 0.001663 | M20: Final force-reaction table | N20: None
A21: 1 | B21: Linear axial stiffness | C21: =Theoretical_Calc!M4 -> 1.3606898 | D21: 1.3606898 | E21: =ABS(C21-D21) -> 0 | F21: =IF(ABS(D21)<0.000000000000001,E21,E21/ABS(D21)) -> 0 | G21: =IF(OR(E21<0.0000000001,F21<0.0000000001),"PASS","CHECK") -> PASS | I21: FEA raw | J21: Run 7 equivalent strain max | K21: 0.72122 | L21: 1.0378 | M21: 0.72122 is maximum principal strain; equivalent strain is 1.0378 | N21: None; failed run is forced to zero
A22: 1 | B22: Linear compliance | C22: =Theoretical_Calc!N4 -> 0.73492134 | D22: 0.73492134 | E22: =ABS(C22-D22) -> 0 | F22: =IF(ABS(D22)<0.000000000000001,E22,E22/ABS(D22)) -> 0 | G22: =IF(OR(E22<0.0000000001,F22<0.0000000001),"PASS","CHECK") -> PASS | I22: FEA raw | J22: Run 7 equivalent strain avg | K22: 0.094426 | L22: 0.16068 | M22: Correct equivalent-strain average column | N22: None
A23: 1 | B23: Lateral stiffness proxy | C23: =Theoretical_Calc!O4 -> 6.3782336 | D23: 6.3782336 | E23: =ABS(C23-D23) -> 0 | F23: =IF(ABS(D23)<0.000000000000001,E23,E23/ABS(D23)) -> 0 | G23: =IF(OR(E23<0.0000000001,F23<0.0000000001),"PASS","CHECK") -> PASS | I23: FEA raw | J23: Run 7 Fx | K23: 0 | L23: 0.00057351 | M23: Final reported force-reaction row | N23: None
A24: 1 | B24: Euler Pcr proxy | C24: =Theoretical_Calc!P4 -> 9.1803021 | D24: 9.1803021 | E24: =ABS(C24-D24) -> 0 | F24: =IF(ABS(D24)<0.000000000000001,E24,E24/ABS(D24)) -> 0 | G24: =IF(OR(E24<0.0000000001,F24<0.0000000001),"PASS","CHECK") -> PASS | I24: FEA raw | J24: Run 7 Fy | K24: 0 | L24: -0.0014033 | M24: Final reported force-reaction row | N24: None
A25: 2 | B25: Inner diameter Di | C25: =Theoretical_Calc!D5 -> 5.25 | D25: 5.25 | E25: =ABS(C25-D25) -> 0 | F25: =IF(ABS(D25)<0.000000000000001,E25,E25/ABS(D25)) -> 0 | G25: =IF(OR(E25<0.0000000001,F25<0.0000000001),"PASS","CHECK") -> PASS | I25: FEA raw | J25: Run 8 Fx | K25: 0 | L25: -0.0061943 | M25: Final force-reaction table | N25: None
A26: 2 | B26: Annular area A | C26: =Theoretical_Calc!E5 -> 16.836973 | D26: 16.836973 | E26: =ABS(C26-D26) -> 0 | F26: =IF(ABS(D26)<0.000000000000001,E26,E26/ABS(D26)) -> 0 | G26: =IF(OR(E26<0.0000000001,F26<0.0000000001),"PASS","CHECK") -> PASS | I26: FEA raw | J26: Run 8 Fy | K26: 0 | L26: 0.001205 | M26: Final force-reaction table | N26: None
A27: 2 | B27: Second moment I | C27: =Theoretical_Calc!F5 -> 80.567547 | D27: 80.567547 | E27: =ABS(C27-D27) -> 0 | F27: =IF(ABS(D27)<0.000000000000001,E27,E27/ABS(D27)) -> 0 | G27: =IF(OR(E27<0.0000000001,F27<0.0000000001),"PASS","CHECK") -> PASS
A28: 2 | B28: Polar moment J | C28: =Theoretical_Calc!G5 -> 161.13509 | D28: 161.13509 | E28: =ABS(C28-D28) -> 0 | F28: =IF(ABS(D28)<0.000000000000001,E28,E28/ABS(D28)) -> 0 | G28: =IF(OR(E28<0.0000000001,F28<0.0000000001),"PASS","CHECK") -> PASS
A29: 2 | B29: Radius of gyration rg | C29: =Theoretical_Calc!H5 -> 2.1875 | D29: 2.1875 | E29: =ABS(C29-D29) -> 0 | F29: =IF(ABS(D29)<0.000000000000001,E29,E29/ABS(D29)) -> 0 | G29: =IF(OR(E29<0.0000000001,F29<0.0000000001),"PASS","CHECK") -> PASS | I29: Independent score-equation verification
A30: 2 | B30: Hollow-area ratio | C30: =Theoretical_Calc!I5 -> 0.5625 | D30: 0.5625 | E30: =ABS(C30-D30) -> 0 | F30: =IF(ABS(D30)<0.000000000000001,E30,E30/ABS(D30)) -> 0 | G30: =IF(OR(E30<0.0000000001,F30<0.0000000001),"PASS","CHECK") -> PASS | I30: Run | J30: Workbook balanced | K30: Independent balanced | L30: Abs. error | M30: Workbook sensitivity | N30: Independent sensitivity | O30: Workbook durability | P30: Independent durability | Q30: Audit
A31: 2 | B31: H/t | C31: =Theoretical_Calc!J5 -> 4 | D31: 4 | E31: =ABS(C31-D31) -> 0 | F31: =IF(ABS(D31)<0.000000000000001,E31,E31/ABS(D31)) -> 0 | G31: =IF(OR(E31<0.0000000001,F31<0.0000000001),"PASS","CHECK") -> PASS | I31: 1 | J31: =Combined_Ranking!J4 -> 0.81969007 | K31: 0.81969007 | L31: =ABS(J31-K31) -> 0 | M31: =Combined_Ranking!K4 -> 0.82655758 | N31: 0.82655758 | O31: =Combined_Ranking!L4 -> 0.79423123 | P31: 0.79423123 | Q31: =IF(AND(ABS(J31-K31)<0.0000000001,ABS(M31-N31)<0.0000000001,ABS(O31-P31)<0.0000000001),"PASS","CHECK") -> PASS
A32: 2 | B32: H/rg | C32: =Theoretical_Calc!K5 -> 1.6 | D32: 1.6 | E32: =ABS(C32-D32) -> 0 | F32: =IF(ABS(D32)<0.000000000000001,E32,E32/ABS(D32)) -> 0 | G32: =IF(OR(E32<0.0000000001,F32<0.0000000001),"PASS","CHECK") -> PASS | I32: 2 | J32: =Combined_Ranking!J5 -> 0.75529865 | K32: 0.75529865 | L32: =ABS(J32-K32) -> 0 | M32: =Combined_Ranking!K5 -> 0.77770203 | N32: 0.77770203 | O32: =Combined_Ranking!L5 -> 0.72292609 | P32: 0.72292609 | Q32: =IF(AND(ABS(J32-K32)<0.0000000001,ABS(M32-N32)<0.0000000001,ABS(O32-P32)<0.0000000001),"PASS","CHECK") -> PASS
A33: 2 | B33: Nominal δ/H | C33: =Theoretical_Calc!L5 -> 0.35714286 | D33: 0.35714286 | E33: =ABS(C33-D33) -> 0 | F33: =IF(ABS(D33)<0.000000000000001,E33,E33/ABS(D33)) -> 0 | G33: =IF(OR(E33<0.0000000001,F33<0.0000000001),"PASS","CHECK") -> PASS | I33: 3 | J33: =Combined_Ranking!J6 -> 0.64469315 | K33: 0.64469315 | L33: =ABS(J33-K33) -> 0 | M33: =Combined_Ranking!K6 -> 0.66581369 | N33: 0.66581369 | O33: =Combined_Ranking!L6 -> 0.62013729 | P33: 0.62013729 | Q33: =IF(AND(ABS(J33-K33)<0.0000000001,ABS(M33-N33)<0.0000000001,ABS(O33-P33)<0.0000000001),"PASS","CHECK") -> PASS
A34: 2 | B34: Linear axial stiffness | C34: =Theoretical_Calc!M5 -> 0.68034492 | D34: 0.68034492 | E34: =ABS(C34-D34) -> 0 | F34: =IF(ABS(D34)<0.000000000000001,E34,E34/ABS(D34)) -> 0 | G34: =IF(OR(E34<0.0000000001,F34<0.0000000001),"PASS","CHECK") -> PASS | I34: 4 | J34: =Combined_Ranking!J7 -> 0.69257997 | K34: 0.69257997 | L34: =ABS(J34-K34) -> 0 | M34: =Combined_Ranking!K7 -> 0.62925084 | N34: 0.62925084 | O34: =Combined_Ranking!L7 -> 0.80845726 | P34: 0.80845726 | Q34: =IF(AND(ABS(J34-K34)<0.0000000001,ABS(M34-N34)<0.0000000001,ABS(O34-P34)<0.0000000001),"PASS","CHECK") -> PASS
A35: 2 | B35: Linear compliance | C35: =Theoretical_Calc!N5 -> 1.4698427 | D35: 1.4698427 | E35: =ABS(C35-D35) -> 0 | F35: =IF(ABS(D35)<0.000000000000001,E35,E35/ABS(D35)) -> 0 | G35: =IF(OR(E35<0.0000000001,F35<0.0000000001),"PASS","CHECK") -> PASS | I35: 5 | J35: =Combined_Ranking!J8 -> 0.93605792 | K35: 0.93605792 | L35: =ABS(J35-K35) -> 0 | M35: =Combined_Ranking!K8 -> 0.92705219 | N35: 0.92705219 | O35: =Combined_Ranking!L8 -> 0.95429487 | P35: 0.95429487 | Q35: =IF(AND(ABS(J35-K35)<0.0000000001,ABS(M35-N35)<0.0000000001,ABS(O35-P35)<0.0000000001),"PASS","CHECK") -> PASS
A36: 2 | B36: Lateral stiffness proxy | C36: =Theoretical_Calc!O5 -> 0.7972792 | D36: 0.7972792 | E36: =ABS(C36-D36) -> 0 | F36: =IF(ABS(D36)<0.000000000000001,E36,E36/ABS(D36)) -> 0 | G36: =IF(OR(E36<0.0000000001,F36<0.0000000001),"PASS","CHECK") -> PASS | I36: 6 | J36: =Combined_Ranking!J9 -> 0.96205683 | K36: 0.96205683 | L36: =ABS(J36-K36) -> 0 | M36: =Combined_Ranking!K9 -> 0.97964942 | N36: 0.97964942 | O36: =Combined_Ranking!L9 -> 0.93855651 | P36: 0.93855651 | Q36: =IF(AND(ABS(J36-K36)<0.0000000001,ABS(M36-N36)<0.0000000001,ABS(O36-P36)<0.0000000001),"PASS","CHECK") -> PASS
A37: 2 | B37: Euler Pcr proxy | C37: =Theoretical_Calc!P5 -> 2.2950755 | D37: 2.2950755 | E37: =ABS(C37-D37) -> 0 | F37: =IF(ABS(D37)<0.000000000000001,E37,E37/ABS(D37)) -> 0 | G37: =IF(OR(E37<0.0000000001,F37<0.0000000001),"PASS","CHECK") -> PASS | I37: 7 | J37: =Combined_Ranking!J10 -> 0 | K37: 0 | L37: =ABS(J37-K37) -> 0 | M37: =Combined_Ranking!K10 -> 0 | N37: 0 | O37: =Combined_Ranking!L10 -> 0 | P37: 0 | Q37: =IF(AND(ABS(J37-K37)<0.0000000001,ABS(M37-N37)<0.0000000001,ABS(O37-P37)<0.0000000001),"PASS","CHECK") -> PASS
A38: 3 | B38: Inner diameter Di | C38: =Theoretical_Calc!D6 -> 5.25 | D38: 5.25 | E38: =ABS(C38-D38) -> 0 | F38: =IF(ABS(D38)<0.000000000000001,E38,E38/ABS(D38)) -> 0 | G38: =IF(OR(E38<0.0000000001,F38<0.0000000001),"PASS","CHECK") -> PASS | I38: 8 | J38: =Combined_Ranking!J11 -> 0.79977401 | K38: 0.79977401 | L38: =ABS(J38-K38) -> 0 | M38: =Combined_Ranking!K11 -> 0.81707223 | N38: 0.81707223 | O38: =Combined_Ranking!L11 -> 0.77162614 | P38: 0.77162614 | Q38: =IF(AND(ABS(J38-K38)<0.0000000001,ABS(M38-N38)<0.0000000001,ABS(O38-P38)<0.0000000001),"PASS","CHECK") -> PASS
A39: 3 | B39: Annular area A | C39: =Theoretical_Calc!E6 -> 16.836973 | D39: 16.836973 | E39: =ABS(C39-D39) -> 0 | F39: =IF(ABS(D39)<0.000000000000001,E39,E39/ABS(D39)) -> 0 | G39: =IF(OR(E39<0.0000000001,F39<0.0000000001),"PASS","CHECK") -> PASS | I39: 9 | J39: =Combined_Ranking!J12 -> 0.86219468 | K39: 0.86219468 | L39: =ABS(J39-K39) -> 0 | M39: =Combined_Ranking!K12 -> 0.91003077 | N39: 0.91003077 | O39: =Combined_Ranking!L12 -> 0.77536095 | P39: 0.77536095 | Q39: =IF(AND(ABS(J39-K39)<0.0000000001,ABS(M39-N39)<0.0000000001,ABS(O39-P39)<0.0000000001),"PASS","CHECK") -> PASS
A40: 3 | B40: Second moment I | C40: =Theoretical_Calc!F6 -> 80.567547 | D40: 80.567547 | E40: =ABS(C40-D40) -> 0 | F40: =IF(ABS(D40)<0.000000000000001,E40,E40/ABS(D40)) -> 0 | G40: =IF(OR(E40<0.0000000001,F40<0.0000000001),"PASS","CHECK") -> PASS
A41: 3 | B41: Polar moment J | C41: =Theoretical_Calc!G6 -> 161.13509 | D41: 161.13509 | E41: =ABS(C41-D41) -> 0 | F41: =IF(ABS(D41)<0.000000000000001,E41,E41/ABS(D41)) -> 0 | G41: =IF(OR(E41<0.0000000001,F41<0.0000000001),"PASS","CHECK") -> PASS
A42: 3 | B42: Radius of gyration rg | C42: =Theoretical_Calc!H6 -> 2.1875 | D42: 2.1875 | E42: =ABS(C42-D42) -> 0 | F42: =IF(ABS(D42)<0.000000000000001,E42,E42/ABS(D42)) -> 0 | G42: =IF(OR(E42<0.0000000001,F42<0.0000000001),"PASS","CHECK") -> PASS
A43: 3 | B43: Hollow-area ratio | C43: =Theoretical_Calc!I6 -> 0.5625 | D43: 0.5625 | E43: =ABS(C43-D43) -> 0 | F43: =IF(ABS(D43)<0.000000000000001,E43,E43/ABS(D43)) -> 0 | G43: =IF(OR(E43<0.0000000001,F43<0.0000000001),"PASS","CHECK") -> PASS | I43: Items that are assumptions rather than uniquely 'correct' calculations
A44: 3 | B44: H/t | C44: =Theoretical_Calc!J6 -> 6 | D44: 6 | E44: =ABS(C44-D44) -> 0 | F44: =IF(ABS(D44)<0.000000000000001,E44,E44/ABS(D44)) -> 0 | G44: =IF(OR(E44<0.0000000001,F44<0.0000000001),"PASS","CHECK") -> PASS | I44: The weighting profiles and trapezoidal score thresholds are engineering decision rules selected for screening; they are not material constants and cannot be proven exact without experimental correlation. Likewise, EA/H, 3EI/H³, and Euler Pcr are straight annular-member proxies. The actual CAD rods have rounded caps, through-cavities, large deformation, contact-area growth, and a perforated base. These proxies are suitable for trend checking only. Absolute FEA forces remain provisional until the actual 70 wt% filled composite is characterized and fitted.
A45: 3 | B45: H/rg | C45: =Theoretical_Calc!K6 -> 2.4 | D45: 2.4 | E45: =ABS(C45-D45) -> 0 | F45: =IF(ABS(D45)<0.000000000000001,E45,E45/ABS(D45)) -> 0 | G45: =IF(OR(E45<0.0000000001,F45<0.0000000001),"PASS","CHECK") -> PASS
A46: 3 | B46: Nominal δ/H | C46: =Theoretical_Calc!L6 -> 0.23809524 | D46: 0.23809524 | E46: =ABS(C46-D46) -> 0 | F46: =IF(ABS(D46)<0.000000000000001,E46,E46/ABS(D46)) -> 0 | G46: =IF(OR(E46<0.0000000001,F46<0.0000000001),"PASS","CHECK") -> PASS
A47: 3 | B47: Linear axial stiffness | C47: =Theoretical_Calc!M6 -> 0.45356328 | D47: 0.45356328 | E47: =ABS(C47-D47) -> 0 | F47: =IF(ABS(D47)<0.000000000000001,E47,E47/ABS(D47)) -> 0 | G47: =IF(OR(E47<0.0000000001,F47<0.0000000001),"PASS","CHECK") -> PASS
A48: 3 | B48: Linear compliance | C48: =Theoretical_Calc!N6 -> 2.204764 | D48: 2.204764 | E48: =ABS(C48-D48) -> 0 | F48: =IF(ABS(D48)<0.000000000000001,E48,E48/ABS(D48)) -> 0 | G48: =IF(OR(E48<0.0000000001,F48<0.0000000001),"PASS","CHECK") -> PASS
A49: 3 | B49: Lateral stiffness proxy | C49: =Theoretical_Calc!O6 -> 0.23623088 | D49: 0.23623088 | E49: =ABS(C49-D49) -> 0 | F49: =IF(ABS(D49)<0.000000000000001,E49,E49/ABS(D49)) -> 0 | G49: =IF(OR(E49<0.0000000001,F49<0.0000000001),"PASS","CHECK") -> PASS
A50: 3 | B50: Euler Pcr proxy | C50: =Theoretical_Calc!P6 -> 1.0200336 | D50: 1.0200336 | E50: =ABS(C50-D50) -> 0 | F50: =IF(ABS(D50)<0.000000000000001,E50,E50/ABS(D50)) -> 0 | G50: =IF(OR(E50<0.0000000001,F50<0.0000000001),"PASS","CHECK") -> PASS
A51: 4 | B51: Inner diameter Di | C51: =Theoretical_Calc!D7 -> 3.5 | D51: 3.5 | E51: =ABS(C51-D51) -> 0 | F51: =IF(ABS(D51)<0.000000000000001,E51,E51/ABS(D51)) -> 0 | G51: =IF(OR(E51<0.0000000001,F51<0.0000000001),"PASS","CHECK") -> PASS
A52: 4 | B52: Annular area A | C52: =Theoretical_Calc!E7 -> 28.863383 | D52: 28.863383 | E52: =ABS(C52-D52) -> 0 | F52: =IF(ABS(D52)<0.000000000000001,E52,E52/ABS(D52)) -> 0 | G52: =IF(OR(E52<0.0000000001,F52<0.0000000001),"PASS","CHECK") -> PASS
A53: 4 | B53: Second moment I | C53: =Theoretical_Calc!F7 -> 110.49264 | D53: 110.49264 | E53: =ABS(C53-D53) -> 0 | F53: =IF(ABS(D53)<0.000000000000001,E53,E53/ABS(D53)) -> 0 | G53: =IF(OR(E53<0.0000000001,F53<0.0000000001),"PASS","CHECK") -> PASS
A54: 4 | B54: Polar moment J | C54: =Theoretical_Calc!G7 -> 220.98527 | D54: 220.98527 | E54: =ABS(C54-D54) -> 0 | F54: =IF(ABS(D54)<0.000000000000001,E54,E54/ABS(D54)) -> 0 | G54: =IF(OR(E54<0.0000000001,F54<0.0000000001),"PASS","CHECK") -> PASS
A55: 4 | B55: Radius of gyration rg | C55: =Theoretical_Calc!H7 -> 1.9565595 | D55: 1.9565595 | E55: =ABS(C55-D55) -> 0 | F55: =IF(ABS(D55)<0.000000000000001,E55,E55/ABS(D55)) -> 0 | G55: =IF(OR(E55<0.0000000001,F55<0.0000000001),"PASS","CHECK") -> PASS
A56: 4 | B56: Hollow-area ratio | C56: =Theoretical_Calc!I7 -> 0.25 | D56: 0.25 | E56: =ABS(C56-D56) -> 0 | F56: =IF(ABS(D56)<0.000000000000001,E56,E56/ABS(D56)) -> 0 | G56: =IF(OR(E56<0.0000000001,F56<0.0000000001),"PASS","CHECK") -> PASS
A57: 4 | B57: H/t | C57: =Theoretical_Calc!J7 -> 1 | D57: 1 | E57: =ABS(C57-D57) -> 0 | F57: =IF(ABS(D57)<0.000000000000001,E57,E57/ABS(D57)) -> 0 | G57: =IF(OR(E57<0.0000000001,F57<0.0000000001),"PASS","CHECK") -> PASS
A58: 4 | B58: H/rg | C58: =Theoretical_Calc!K7 -> 0.89442719 | D58: 0.89442719 | E58: =ABS(C58-D58) -> 0 | F58: =IF(ABS(D58)<0.000000000000001,E58,E58/ABS(D58)) -> 0 | G58: =IF(OR(E58<0.0000000001,F58<0.0000000001),"PASS","CHECK") -> PASS
A59: 4 | B59: Nominal δ/H | C59: =Theoretical_Calc!L7 -> 0.71428571 | D59: 0.71428571 | E59: =ABS(C59-D59) -> 0 | F59: =IF(ABS(D59)<0.000000000000001,E59,E59/ABS(D59)) -> 0 | G59: =IF(OR(E59<0.0000000001,F59<0.0000000001),"PASS","CHECK") -> PASS
A60: 4 | B60: Linear axial stiffness | C60: =Theoretical_Calc!M7 -> 2.3326112 | D60: 2.3326112 | E60: =ABS(C60-D60) -> 0 | F60: =IF(ABS(D60)<0.000000000000001,E60,E60/ABS(D60)) -> 0 | G60: =IF(OR(E60<0.0000000001,F60<0.0000000001),"PASS","CHECK") -> PASS
A61: 4 | B61: Linear compliance | C61: =Theoretical_Calc!N7 -> 0.42870411 | D61: 0.42870411 | E61: =ABS(C61-D61) -> 0 | F61: =IF(ABS(D61)<0.000000000000001,E61,E61/ABS(D61)) -> 0 | G61: =IF(OR(E61<0.0000000001,F61<0.0000000001),"PASS","CHECK") -> PASS
A62: 4 | B62: Lateral stiffness proxy | C62: =Theoretical_Calc!O7 -> 8.7472918 | D62: 8.7472918 | E62: =ABS(C62-D62) -> 0 | F62: =IF(ABS(D62)<0.000000000000001,E62,E62/ABS(D62)) -> 0 | G62: =IF(OR(E62<0.0000000001,F62<0.0000000001),"PASS","CHECK") -> PASS
A63: 4 | B63: Euler Pcr proxy | C63: =Theoretical_Calc!P7 -> 12.590129 | D63: 12.590129 | E63: =ABS(C63-D63) -> 0 | F63: =IF(ABS(D63)<0.000000000000001,E63,E63/ABS(D63)) -> 0 | G63: =IF(OR(E63<0.0000000001,F63<0.0000000001),"PASS","CHECK") -> PASS
A64: 5 | B64: Inner diameter Di | C64: =Theoretical_Calc!D8 -> 3.5 | D64: 3.5 | E64: =ABS(C64-D64) -> 0 | F64: =IF(ABS(D64)<0.000000000000001,E64,E64/ABS(D64)) -> 0 | G64: =IF(OR(E64<0.0000000001,F64<0.0000000001),"PASS","CHECK") -> PASS
A65: 5 | B65: Annular area A | C65: =Theoretical_Calc!E8 -> 28.863383 | D65: 28.863383 | E65: =ABS(C65-D65) -> 0 | F65: =IF(ABS(D65)<0.000000000000001,E65,E65/ABS(D65)) -> 0 | G65: =IF(OR(E65<0.0000000001,F65<0.0000000001),"PASS","CHECK") -> PASS
A66: 5 | B66: Second moment I | C66: =Theoretical_Calc!F8 -> 110.49264 | D66: 110.49264 | E66: =ABS(C66-D66) -> 0 | F66: =IF(ABS(D66)<0.000000000000001,E66,E66/ABS(D66)) -> 0 | G66: =IF(OR(E66<0.0000000001,F66<0.0000000001),"PASS","CHECK") -> PASS
A67: 5 | B67: Polar moment J | C67: =Theoretical_Calc!G8 -> 220.98527 | D67: 220.98527 | E67: =ABS(C67-D67) -> 0 | F67: =IF(ABS(D67)<0.000000000000001,E67,E67/ABS(D67)) -> 0 | G67: =IF(OR(E67<0.0000000001,F67<0.0000000001),"PASS","CHECK") -> PASS
A68: 5 | B68: Radius of gyration rg | C68: =Theoretical_Calc!H8 -> 1.9565595 | D68: 1.9565595 | E68: =ABS(C68-D68) -> 0 | F68: =IF(ABS(D68)<0.000000000000001,E68,E68/ABS(D68)) -> 0 | G68: =IF(OR(E68<0.0000000001,F68<0.0000000001),"PASS","CHECK") -> PASS
A69: 5 | B69: Hollow-area ratio | C69: =Theoretical_Calc!I8 -> 0.25 | D69: 0.25 | E69: =ABS(C69-D69) -> 0 | F69: =IF(ABS(D69)<0.000000000000001,E69,E69/ABS(D69)) -> 0 | G69: =IF(OR(E69<0.0000000001,F69<0.0000000001),"PASS","CHECK") -> PASS
A70: 5 | B70: H/t | C70: =Theoretical_Calc!J8 -> 2 | D70: 2 | E70: =ABS(C70-D70) -> 0 | F70: =IF(ABS(D70)<0.000000000000001,E70,E70/ABS(D70)) -> 0 | G70: =IF(OR(E70<0.0000000001,F70<0.0000000001),"PASS","CHECK") -> PASS
A71: 5 | B71: H/rg | C71: =Theoretical_Calc!K8 -> 1.7888544 | D71: 1.7888544 | E71: =ABS(C71-D71) -> 0 | F71: =IF(ABS(D71)<0.000000000000001,E71,E71/ABS(D71)) -> 0 | G71: =IF(OR(E71<0.0000000001,F71<0.0000000001),"PASS","CHECK") -> PASS
A72: 5 | B72: Nominal δ/H | C72: =Theoretical_Calc!L8 -> 0.35714286 | D72: 0.35714286 | E72: =ABS(C72-D72) -> 0 | F72: =IF(ABS(D72)<0.000000000000001,E72,E72/ABS(D72)) -> 0 | G72: =IF(OR(E72<0.0000000001,F72<0.0000000001),"PASS","CHECK") -> PASS
A73: 5 | B73: Linear axial stiffness | C73: =Theoretical_Calc!M8 -> 1.1663056 | D73: 1.1663056 | E73: =ABS(C73-D73) -> 0 | F73: =IF(ABS(D73)<0.000000000000001,E73,E73/ABS(D73)) -> 0 | G73: =IF(OR(E73<0.0000000001,F73<0.0000000001),"PASS","CHECK") -> PASS
A74: 5 | B74: Linear compliance | C74: =Theoretical_Calc!N8 -> 0.85740823 | D74: 0.85740823 | E74: =ABS(C74-D74) -> 0 | F74: =IF(ABS(D74)<0.000000000000001,E74,E74/ABS(D74)) -> 0 | G74: =IF(OR(E74<0.0000000001,F74<0.0000000001),"PASS","CHECK") -> PASS
A75: 5 | B75: Lateral stiffness proxy | C75: =Theoretical_Calc!O8 -> 1.0934115 | D75: 1.0934115 | E75: =ABS(C75-D75) -> 0 | F75: =IF(ABS(D75)<0.000000000000001,E75,E75/ABS(D75)) -> 0 | G75: =IF(OR(E75<0.0000000001,F75<0.0000000001),"PASS","CHECK") -> PASS
A76: 5 | B76: Euler Pcr proxy | C76: =Theoretical_Calc!P8 -> 3.1475321 | D76: 3.1475321 | E76: =ABS(C76-D76) -> 0 | F76: =IF(ABS(D76)<0.000000000000001,E76,E76/ABS(D76)) -> 0 | G76: =IF(OR(E76<0.0000000001,F76<0.0000000001),"PASS","CHECK") -> PASS
A77: 6 | B77: Inner diameter Di | C77: =Theoretical_Calc!D9 -> 3.5 | D77: 3.5 | E77: =ABS(C77-D77) -> 0 | F77: =IF(ABS(D77)<0.000000000000001,E77,E77/ABS(D77)) -> 0 | G77: =IF(OR(E77<0.0000000001,F77<0.0000000001),"PASS","CHECK") -> PASS
A78: 6 | B78: Annular area A | C78: =Theoretical_Calc!E9 -> 28.863383 | D78: 28.863383 | E78: =ABS(C78-D78) -> 0 | F78: =IF(ABS(D78)<0.000000000000001,E78,E78/ABS(D78)) -> 0 | G78: =IF(OR(E78<0.0000000001,F78<0.0000000001),"PASS","CHECK") -> PASS
A79: 6 | B79: Second moment I | C79: =Theoretical_Calc!F9 -> 110.49264 | D79: 110.49264 | E79: =ABS(C79-D79) -> 0 | F79: =IF(ABS(D79)<0.000000000000001,E79,E79/ABS(D79)) -> 0 | G79: =IF(OR(E79<0.0000000001,F79<0.0000000001),"PASS","CHECK") -> PASS
A80: 6 | B80: Polar moment J | C80: =Theoretical_Calc!G9 -> 220.98527 | D80: 220.98527 | E80: =ABS(C80-D80) -> 0 | F80: =IF(ABS(D80)<0.000000000000001,E80,E80/ABS(D80)) -> 0 | G80: =IF(OR(E80<0.0000000001,F80<0.0000000001),"PASS","CHECK") -> PASS
A81: 6 | B81: Radius of gyration rg | C81: =Theoretical_Calc!H9 -> 1.9565595 | D81: 1.9565595 | E81: =ABS(C81-D81) -> 0 | F81: =IF(ABS(D81)<0.000000000000001,E81,E81/ABS(D81)) -> 0 | G81: =IF(OR(E81<0.0000000001,F81<0.0000000001),"PASS","CHECK") -> PASS
A82: 6 | B82: Hollow-area ratio | C82: =Theoretical_Calc!I9 -> 0.25 | D82: 0.25 | E82: =ABS(C82-D82) -> 0 | F82: =IF(ABS(D82)<0.000000000000001,E82,E82/ABS(D82)) -> 0 | G82: =IF(OR(E82<0.0000000001,F82<0.0000000001),"PASS","CHECK") -> PASS
A83: 6 | B83: H/t | C83: =Theoretical_Calc!J9 -> 3 | D83: 3 | E83: =ABS(C83-D83) -> 0 | F83: =IF(ABS(D83)<0.000000000000001,E83,E83/ABS(D83)) -> 0 | G83: =IF(OR(E83<0.0000000001,F83<0.0000000001),"PASS","CHECK") -> PASS
A84: 6 | B84: H/rg | C84: =Theoretical_Calc!K9 -> 2.6832816 | D84: 2.6832816 | E84: =ABS(C84-D84) -> 0 | F84: =IF(ABS(D84)<0.000000000000001,E84,E84/ABS(D84)) -> 0 | G84: =IF(OR(E84<0.0000000001,F84<0.0000000001),"PASS","CHECK") -> PASS
A85: 6 | B85: Nominal δ/H | C85: =Theoretical_Calc!L9 -> 0.23809524 | D85: 0.23809524 | E85: =ABS(C85-D85) -> 0 | F85: =IF(ABS(D85)<0.000000000000001,E85,E85/ABS(D85)) -> 0 | G85: =IF(OR(E85<0.0000000001,F85<0.0000000001),"PASS","CHECK") -> PASS
A86: 6 | B86: Linear axial stiffness | C86: =Theoretical_Calc!M9 -> 0.77753705 | D86: 0.77753705 | E86: =ABS(C86-D86) -> 0 | F86: =IF(ABS(D86)<0.000000000000001,E86,E86/ABS(D86)) -> 0 | G86: =IF(OR(E86<0.0000000001,F86<0.0000000001),"PASS","CHECK") -> PASS
A87: 6 | B87: Linear compliance | C87: =Theoretical_Calc!N9 -> 1.2861123 | D87: 1.2861123 | E87: =ABS(C87-D87) -> 0 | F87: =IF(ABS(D87)<0.000000000000001,E87,E87/ABS(D87)) -> 0 | G87: =IF(OR(E87<0.0000000001,F87<0.0000000001),"PASS","CHECK") -> PASS
A88: 6 | B88: Lateral stiffness proxy | C88: =Theoretical_Calc!O9 -> 0.32397377 | D88: 0.32397377 | E88: =ABS(C88-D88) -> 0 | F88: =IF(ABS(D88)<0.000000000000001,E88,E88/ABS(D88)) -> 0 | G88: =IF(OR(E88<0.0000000001,F88<0.0000000001),"PASS","CHECK") -> PASS
A89: 6 | B89: Euler Pcr proxy | C89: =Theoretical_Calc!P9 -> 1.3989032 | D89: 1.3989032 | E89: =ABS(C89-D89) -> 0 | F89: =IF(ABS(D89)<0.000000000000001,E89,E89/ABS(D89)) -> 0 | G89: =IF(OR(E89<0.0000000001,F89<0.0000000001),"PASS","CHECK") -> PASS
A90: 7 | B90: Inner diameter Di | C90: =Theoretical_Calc!D10 -> 1.75 | D90: 1.75 | E90: =ABS(C90-D90) -> 0 | F90: =IF(ABS(D90)<0.000000000000001,E90,E90/ABS(D90)) -> 0 | G90: =IF(OR(E90<0.0000000001,F90<0.0000000001),"PASS","CHECK") -> PASS
A91: 7 | B91: Annular area A | C91: =Theoretical_Calc!E10 -> 36.079228 | D91: 36.079228 | E91: =ABS(C91-D91) -> 0 | F91: =IF(ABS(D91)<0.000000000000001,E91,E91/ABS(D91)) -> 0 | G91: =IF(OR(E91<0.0000000001,F91<0.0000000001),"PASS","CHECK") -> PASS
A92: 7 | B92: Second moment I | C92: =Theoretical_Calc!F10 -> 117.39843 | D92: 117.39843 | E92: =ABS(C92-D92) -> 0 | F92: =IF(ABS(D92)<0.000000000000001,E92,E92/ABS(D92)) -> 0 | G92: =IF(OR(E92<0.0000000001,F92<0.0000000001),"PASS","CHECK") -> PASS
A93: 7 | B93: Polar moment J | C93: =Theoretical_Calc!G10 -> 234.79685 | D93: 234.79685 | E93: =ABS(C93-D93) -> 0 | F93: =IF(ABS(D93)<0.000000000000001,E93,E93/ABS(D93)) -> 0 | G93: =IF(OR(E93<0.0000000001,F93<0.0000000001),"PASS","CHECK") -> PASS
A94: 7 | B94: Radius of gyration rg | C94: =Theoretical_Calc!H10 -> 1.8038587 | D94: 1.8038587 | E94: =ABS(C94-D94) -> 0 | F94: =IF(ABS(D94)<0.000000000000001,E94,E94/ABS(D94)) -> 0 | G94: =IF(OR(E94<0.0000000001,F94<0.0000000001),"PASS","CHECK") -> PASS
A95: 7 | B95: Hollow-area ratio | C95: =Theoretical_Calc!I10 -> 0.0625 | D95: 0.0625 | E95: =ABS(C95-D95) -> 0 | F95: =IF(ABS(D95)<0.000000000000001,E95,E95/ABS(D95)) -> 0 | G95: =IF(OR(E95<0.0000000001,F95<0.0000000001),"PASS","CHECK") -> PASS
A96: 7 | B96: H/t | C96: =Theoretical_Calc!J10 -> 0.66666667 | D96: 0.66666667 | E96: =ABS(C96-D96) -> 0 | F96: =IF(ABS(D96)<0.000000000000001,E96,E96/ABS(D96)) -> 0 | G96: =IF(OR(E96<0.0000000001,F96<0.0000000001),"PASS","CHECK") -> PASS
A97: 7 | B97: H/rg | C97: =Theoretical_Calc!K10 -> 0.9701425 | D97: 0.9701425 | E97: =ABS(C97-D97) -> 0 | F97: =IF(ABS(D97)<0.000000000000001,E97,E97/ABS(D97)) -> 0 | G97: =IF(OR(E97<0.0000000001,F97<0.0000000001),"PASS","CHECK") -> PASS
A98: 7 | B98: Nominal δ/H | C98: =Theoretical_Calc!L10 -> 0.71428571 | D98: 0.71428571 | E98: =ABS(C98-D98) -> 0 | F98: =IF(ABS(D98)<0.000000000000001,E98,E98/ABS(D98)) -> 0 | G98: =IF(OR(E98<0.0000000001,F98<0.0000000001),"PASS","CHECK") -> PASS
A99: 7 | B99: Linear axial stiffness | C99: =Theoretical_Calc!M10 -> 2.9157639 | D99: 2.9157639 | E99: =ABS(C99-D99) -> 0 | F99: =IF(ABS(D99)<0.000000000000001,E99,E99/ABS(D99)) -> 0 | G99: =IF(OR(E99<0.0000000001,F99<0.0000000001),"PASS","CHECK") -> PASS
A100: 7 | B100: Linear compliance | C100: =Theoretical_Calc!N10 -> 0.34296329 | D100: 0.34296329 | E100: =ABS(C100-D100) -> 0 | F100: =IF(ABS(D100)<0.000000000000001,E100,E100/ABS(D100)) -> 0 | G100: =IF(OR(E100<0.0000000001,F100<0.0000000001),"PASS","CHECK") -> PASS
A101: 7 | B101: Lateral stiffness proxy | C101: =Theoretical_Calc!O10 -> 9.2939976 | D101: 9.2939976 | E101: =ABS(C101-D101) -> 0 | F101: =IF(ABS(D101)<0.000000000000001,E101,E101/ABS(D101)) -> 0 | G101: =IF(OR(E101<0.0000000001,F101<0.0000000001),"PASS","CHECK") -> PASS
A102: 7 | B102: Euler Pcr proxy | C102: =Theoretical_Calc!P10 -> 13.377012 | D102: 13.377012 | E102: =ABS(C102-D102) -> 0 | F102: =IF(ABS(D102)<0.000000000000001,E102,E102/ABS(D102)) -> 0 | G102: =IF(OR(E102<0.0000000001,F102<0.0000000001),"PASS","CHECK") -> PASS
A103: 8 | B103: Inner diameter Di | C103: =Theoretical_Calc!D11 -> 1.75 | D103: 1.75 | E103: =ABS(C103-D103) -> 0 | F103: =IF(ABS(D103)<0.000000000000001,E103,E103/ABS(D103)) -> 0 | G103: =IF(OR(E103<0.0000000001,F103<0.0000000001),"PASS","CHECK") -> PASS
A104: 8 | B104: Annular area A | C104: =Theoretical_Calc!E11 -> 36.079228 | D104: 36.079228 | E104: =ABS(C104-D104) -> 0 | F104: =IF(ABS(D104)<0.000000000000001,E104,E104/ABS(D104)) -> 0 | G104: =IF(OR(E104<0.0000000001,F104<0.0000000001),"PASS","CHECK") -> PASS
A105: 8 | B105: Second moment I | C105: =Theoretical_Calc!F11 -> 117.39843 | D105: 117.39843 | E105: =ABS(C105-D105) -> 0 | F105: =IF(ABS(D105)<0.000000000000001,E105,E105/ABS(D105)) -> 0 | G105: =IF(OR(E105<0.0000000001,F105<0.0000000001),"PASS","CHECK") -> PASS
A106: 8 | B106: Polar moment J | C106: =Theoretical_Calc!G11 -> 234.79685 | D106: 234.79685 | E106: =ABS(C106-D106) -> 0 | F106: =IF(ABS(D106)<0.000000000000001,E106,E106/ABS(D106)) -> 0 | G106: =IF(OR(E106<0.0000000001,F106<0.0000000001),"PASS","CHECK") -> PASS
A107: 8 | B107: Radius of gyration rg | C107: =Theoretical_Calc!H11 -> 1.8038587 | D107: 1.8038587 | E107: =ABS(C107-D107) -> 0 | F107: =IF(ABS(D107)<0.000000000000001,E107,E107/ABS(D107)) -> 0 | G107: =IF(OR(E107<0.0000000001,F107<0.0000000001),"PASS","CHECK") -> PASS
...
